,find_id,hit_id,assignment_id,worker_id,original,updated,time,pitch,heading,trial,gen,zoom,find_time,invalid_count,valid_count,exp,adj,prep,noun
0,1,3GONHBMNHUX6SYG4NJJA3QC1182MZY,3QAVNHZ3EM3O8SO41H7XA41J3QCALG,A3KI215LLUTWNR,Find a brown tarp.,asdasdasdasdasdasdasdasda,2017-12-02 17:02:31+00,-15.9034897342,72.1962454307,0,0,0.889659028354,8.51,0,6,fiveMT,0,0,1
1,16,3X4Q1O9UBGLB8RVAH4BEXRS42YDO78,3KB8R4ZV1E6D5AFVW4FNM40I54EGBN,A27NBGO9FXJS8Q,Find the yellow sign.,It is a diamond shaped yellow color warning sign board. It is a deer crossing sign.,2017-12-02 17:19:14+00,-1.02316699923,64.1676233921,2,0,2.77187916519,68.921,0,5,fiveMT,1,0,6
2,19,3X4Q1O9UBGLB8RVAH4BEXRS42YDO78,3KB8R4ZV1E6D5AFVW4FNM40I54EGBN,A27NBGO9FXJS8Q,Find the yellow sign.,It is a diamond shaped yellow warning sign board. It indicates deer crossing area.,2017-12-02 17:21:05+00,-0.0750826864278,64.2486624322,2,0,2.77187916519,20.455,0,5,fiveMT,2,0,5
3,21,3X4Q1O9UBGLB8RVAH4BEXRS42YDO78,3KB8R4ZV1E6D5AFVW4FNM40I54EGBN,A2DSQT79EPX7MY,Find the yellow sign.,Find the yellow sign with the animal on it. ,2017-12-02 17:23:42+00,-0.906063235173,63.9656441002,2,0,2.5540990521,12.48,0,5,fiveMT,1,3,2
4,24,334ZEL5JX5EXRPF2579PSIO0PCQSOZ,3DPNQGW4LLERNI5G5CWE2ZHN1YV646,ATTNJ2IHS8MH8,Find a brown tarp.,Really good to work with it.,2017-12-02 17:25:58+00,-11.4301818381,73.4683502021,0,0,0.0389941316159,21.701,0,6,fiveMT,1,1,0
5,7,334ZEL5JX5EXRPF2579PSIO0PCQSOZ,3R8YZBNQ9HHHGN6JMJ8JBGIOS1WQ76,A1A4HRF16UVP6I,Find a brown tarp.,Find a brown tarp next to a hot dog stand on the sidewalk. ,2017-12-02 17:14:54+00,-6.50720194682,64.6888864776,0,0,1.0,15.226,0,6,fiveMT,3,2,4
6,20,3X4Q1O9UBGLB8RVAH4BEXRS42YDO78,3KB8R4ZV1E6D5AFVW4FNM40I54EGBN,A2DSQT79EPX7MY,Find the yellow sign.,find the triangular yellow sign,2017-12-02 17:22:39+00,-1.18124382328,62.8113129854,2,0,1.0,18.738,0,5,fiveMT,2,0,1
7,8,334ZEL5JX5EXRPF2579PSIO0PCQSOZ,3R8YZBNQ9HHHGN6JMJ8JBGIOS1WQ76,A1A4HRF16UVP6I,Find a brown tarp.,Brown tarp next to a hot dog stand and on the sidewalk.,2017-12-02 17:15:30+00,-1.63464541507,66.4578517326,0,0,1.0,7.136,0,6,fiveMT,2,1,4
8,12,334ZEL5JX5EXRPF2579PSIO0PCQSOZ,39LOEL67OS4T9050YDOTC8L8TTO838,AHEVIE2NY1W1Z,Find a brown tarp.,find a a brown tarp with rope around it,2017-12-02 17:16:55+00,-10.3704026653,80.1076455727,0,0,1.0,16.203,0,6,fiveMT,1,2,2
9,11,3X4Q1O9UBGLB8RVAH4BEXRS42YDO78,31HQ4X3T3S9S8OAYIHYYPLFQ59MLSZ,A2VF6506WDNXKS,Find the yellow sign.,Find the yellow road sign to the left of the house.,2017-12-02 17:16:16+00,-1.29853283116,62.628785522,2,0,1.0,22.709,0,5,fiveMT,1,2,4
10,13,3X4Q1O9UBGLB8RVAH4BEXRS42YDO78,3PM8NZGV8YFBV2CA4WCH5FVCUUBQX1,A1LDYRTFF28GR,Find the yellow sign.,At the side of the road,2017-12-02 17:17:51+00,-1.05756701536,64.1424470616,2,0,2.23623298253,17.719,0,5,fiveMT,0,2,2
11,22,3X4Q1O9UBGLB8RVAH4BEXRS42YDO78,3KB8R4ZV1E6D5AFVW4FNM40I54EGBN,A2DSQT79EPX7MY,Find the yellow sign.,yellow sign with animal on it ,2017-12-02 17:24:38+00,-0.945149571873,64.06454352,2,0,2.5540990521,20.692,0,5,fiveMT,1,2,2
12,35,dummy_hitId,dummy_assignment_id,dummy_workerId,Find the yellow sign.,aSasASasASasASasASasAa,2017-12-02 18:34:28+00,0.0,261.768704437,2,0,1.0,3.445,5,0,fiveMT,0,0,1
13,38,dummy_hitId,dummy_assignment_id,dummy_workerId,Find the yellow sign.,at improves on the above description in the blue box above so that other people can find the object: ,2017-12-02 19:05:37+00,0.0,193.0,2,0,1.0,4.213,5,0,fiveMT,2,5,6
14,10,3ECKRY5B1PVKWFQD24QS4EPH0IRIZZ,3PM8NZGV8YFBV2CA4WCH5FVCUUBXQ8,A233KUL18RUW1N,Find the trash can right next to a tree.,Find a dark colored trash can beside the road and a tree.,2017-12-02 17:16:16+00,-3.59701809859,14.0694336019,1,0,1.0,31.588,3,2,fiveMT,0,1,4
15,36,dummy_hitId,dummy_assignment_id,dummy_workerId,Find the trash can right next to a tree.,ption that improves on the above description in the blue box above so that other people can find the object:,2017-12-02 18:46:53+00,0.0,333.0,1,0,1.0,1.934,2,3,fiveMT,2,4,6
16,2,3SU800BH85RGREKM9PWTWO1OPATUQP,36V4Q8R5ZKZ01QD6QPA8UYFENQRMQD,A1F10YPBU56UVH,Find the yellow sign.,Find the yellow sign next to the road.,2017-12-02 17:11:13+00,-1.28303637425,62.5407835641,2,0,1.0,51.725,0,5,fiveMT,1,2,2
17,6,3X4Q1O9UBGLB8RVAH4BEXRS42YDO78,37TD41K0AH8Z5KGS545ZM2P3B08SCQ,A12X0FLEDDVFPI,Find the yellow sign.,yellow sign is nearest to the road side,2017-12-02 17:14:39+00,-1.10748269831,62.6199205207,2,0,1.0,64.073,0,5,fiveMT,2,0,3
18,14,3X4Q1O9UBGLB8RVAH4BEXRS42YDO78,31HQ4X3T3S9S8OAYIHYYPLFQ59MLSZ,A2VF6506WDNXKS,Find the yellow sign.,Find the yellow animal crossing road sign.,2017-12-02 17:19:05+00,-1.05884519032,64.1033478015,2,0,2.61291527894,22.305,0,5,fiveMT,1,1,3
19,15,3X4Q1O9UBGLB8RVAH4BEXRS42YDO78,3PM8NZGV8YFBV2CA4WCH5FVCUUBQX1,A1LDYRTFF28GR,Find the yellow sign.,At the side of the road.,2017-12-02 17:19:09+00,-1.16463286933,63.0420449693,2,0,1.0,6.523,0,5,fiveMT,0,2,2
20,9,334ZEL5JX5EXRPF2579PSIO0PCQSOZ,39ASUFLU6X6MYZM5V5HHBY6YBRNXEW,A33IL6RDW1G3A0,Find a brown tarp.,find a brown tarp in front of large M&M wearing a christmas hat,2017-12-02 17:15:57+00,-11.1519139517,79.1611325079,0,0,1.0,16.227,0,6,fiveMT,2,2,6
21,17,334ZEL5JX5EXRPF2579PSIO0PCQSOZ,3T3IWE1XG6M4EL3QZMBKGCA6HYNTQL,A1C8FN01981A69,Find a brown tarp.,There is a brown tarp on the sidewalk next to a food cart with a red and yellow umbrella. ,2017-12-02 17:19:28+00,-11.3125750281,77.5297682538,0,0,1.0,14.32,0,6,fiveMT,3,3,5
22,18,334ZEL5JX5EXRPF2579PSIO0PCQSOZ,3T3IWE1XG6M4EL3QZMBKGCA6HYNTQL,A1C8FN01981A69,Find a brown tarp.,The brown tarap is on the sidewalk next to a food cart with a red and yellow umbrella. ,2017-12-02 17:20:41+00,-10.8278548362,77.0937759452,0,0,1.0,12.542,0,6,fiveMT,3,3,5
23,23,3X4Q1O9UBGLB8RVAH4BEXRS42YDO78,3B837J3LDOV3BM5BN1VUBXOPB1BRSV,AYKQ1UN34V8KL,Find the yellow sign.,It is an indicator line in the road,2017-12-02 17:24:45+00,-16.4139522328,64.5119886188,2,0,2.21064450075,153.409,4,1,fiveMT,0,1,3
24,3,334ZEL5JX5EXRPF2579PSIO0PCQSOZ,3F6KKYWMNB0CUZU1X4JO7EXF91CND9,A3UBVDU2LNHYE0,Find a brown tarp.,Find the brown tarp covering something box shaped.,2017-12-02 17:13:53+00,-11.4299983118,81.1180969657,0,0,1.0,14.944,0,6,fiveMT,1,1,3
25,4,334ZEL5JX5EXRPF2579PSIO0PCQSOZ,39ASUFLU6X6MYZM5V5HHBY6YBRNXEW,A33IL6RDW1G3A0,Find a brown tarp.,find a brown tarp covering a stall ,2017-12-02 17:14:29+00,-10.3246011777,79.8333697863,0,0,1.0,18.414,0,6,fiveMT,1,0,2
26,5,334ZEL5JX5EXRPF2579PSIO0PCQSOZ,39LOEL67OS4T9050YDOTC8L8TTO838,AHEVIE2NY1W1Z,Find a brown tarp.,Find a brown tarp with rope,2017-12-02 17:14:37+00,-10.8039331929,79.9835844291,0,0,1.0,38.433,0,6,fiveMT,1,2,2
27,25,3X4Q1O9UBGLB8RVAH4BEXRS42YDO78,326O153BMIX80THO45G5HR36V9CEDC,A2RR852T518JJ,Find the yellow sign.,"Find the yellow sign on the right side of the road, approximately halfway back in the space of the image.",2017-12-02 17:26:14+00,-1.76861289399,63.4737284024,2,0,1.0,9.878,0,5,fiveMT,3,5,5
28,26,3X4Q1O9UBGLB8RVAH4BEXRS42YDO78,3TE22NPXPBBD8V12MO3Z51X957P44J,A3MW7RAL0VZ27M,Find the yellow sign.,Vast view with visible mountains in the distance.,2017-12-02 17:26:20+00,-1.22164638136,62.7100003709,2,0,1.0,9.402,0,5,fiveMT,2,2,3
29,27,3X4Q1O9UBGLB8RVAH4BEXRS42YDO78,35BLDD71I6WS5586RDUC8NAVJMOZV1,A1D9FOXZ0UT0L2,Find the yellow sign.,giving direction for the route,2017-12-02 17:27:22+00,0.26099430058,273.60954143,2,0,1.0,53.597,5,0,fiveMT,0,1,2
30,29,3X4Q1O9UBGLB8RVAH4BEXRS42YDO78,3TE22NPXPBBD8V12MO3Z51X957P44J,A3MW7RAL0VZ27M,Find the yellow sign.,Vast visible distance with mountainous view. ,2017-12-02 17:28:02+00,-1.03599452843,62.5309906018,2,0,1.0,21.988,0,5,fiveMT,2,1,3
31,34,3X4Q1O9UBGLB8RVAH4BEXRS42YDO78,35L9RVQFCOH615JCG1E0CU479PYUHH,ALZCV7Y928GTF,Find the yellow sign.,caution animals are passed from here so drive slowly ,2017-12-02 17:30:57+00,-0.936944180174,62.1585809407,2,0,2.61291527894,215.585,0,5,fiveMT,1,1,3
32,28,3ECKRY5B1PVKWFQD24QS4EPH0IRIZZ,3DIP6YHAPCRWJYLXNX5PVZP5KIFE86,A10VMEX3R3EML1,Find the trash can right next to a tree.,The trash can and tree are down the street from the starting location. They are both on the street side of the sidewalk.  The trash can is approximately 2-3 feet from the tree.,2017-12-02 17:27:35+00,-3.96015658796,13.0278861353,1,0,0.0,75.081,3,2,fiveMT,1,5,9
33,31,3ECKRY5B1PVKWFQD24QS4EPH0IRIZZ,324G5B4FB37TSU1K5LE4WAR6FXZ70Q,AYKQ1UN34V8KL,Find the trash can right next to a tree.,kindly use to throw your waste,2017-12-02 17:28:18+00,-12.5299693141,228.154616512,1,0,2.97211425118,84.51,1,4,fiveMT,0,0,2
34,32,3ECKRY5B1PVKWFQD24QS4EPH0IRIZZ,3PZDLQMM0TK60LZUBPQTVKCZD6AC28,A8PKPWOOTOF81,Find the trash can right next to a tree.,trash is by street on top of grey cement,2017-12-02 17:28:52+00,-24.4079421814,116.399736565,1,0,0.0,87.475,4,1,fiveMT,1,3,4
35,33,3ECKRY5B1PVKWFQD24QS4EPH0IRIZZ,3DIP6YHAPCRWJYLXNX5PVZP5KIFE86,A10VMEX3R3EML1,Find the trash can right next to a tree.,The trash can and tree are down the street from the starting location.  They are on the street side of the sidewalk.  The trash can is approximately 2-3 feet from the tree. ,2017-12-02 17:30:16+00,-3.66409254075,10.3386470575,1,0,0.397655421051,32.868,2,3,fiveMT,1,5,9
36,37,dummy_hitId,dummy_assignment_id,dummy_workerId,Find the trash can right next to a tree.,asdasdasdasdasdasdasdasdasdasdasdasd,2017-12-02 18:58:35+00,0.0,25.0,1,0,1.0,7.138,3,2,fiveMT,0,0,1
37,30,334ZEL5JX5EXRPF2579PSIO0PCQSOZ,3DPNQGW4LLERNI5G5CWE2ZHN1YV646,ATTNJ2IHS8MH8,Find a brown tarp.,Good to work and no improvements are required.,2017-12-02 17:28:13+00,-11.4487088906,75.7815291609,0,0,0.0389941316159,28.261,1,5,fiveMT,1,0,1
38,45,341YLJU21HYUQ4N1DXHEH3FAF922IL,39GXDJN2OTDDL97JINUZV3DRKE38VT,A30V1UH00MWJU5,Find the yellow sign with the animal on it. ,improve the clarity of the map,2017-12-03 01:20:24+00,-1.03357274822,64.0513453006,2,1,2.61291527894,27.882,0,6,fiveMT,0,1,2
39,39,3VJ4PFXFJ26O4YD5KTZ76OMJLSHAU8,38YMOXR4MUY3WKO0FI2XXR0ELSEW64,A3FABAN692WI1N,Find the trash can right next to a tree.,"Trash can and tree are on the right side of the road, with the tree to the right of the trash can.",2017-12-03 01:17:56+00,-13.865168517,57.325019061,1,1,1.0,35.583,6,0,fiveMT,1,4,6
40,56,37VE3DA4YTGOIMCDQ8S4IKHZ920BH3,3ZPBJO59KP0KK38QU6OB2U0JNQPDHE,A1BZRNFIBSIQJK,Find the yellow sign with the animal on it. ,Find the yellow triangular sign with an animal on it.,2017-12-03 01:33:03+00,-4.7200337579,98.615248425,2,1,1.38146035161,72.89,5,1,fiveMT,2,3,2
41,48,341YLJU21HYUQ4N1DXHEH3FAF922IL,3JW0YLFXRTF1QZ3660F1VLZR9U7WW5,A24BWI7WF378CL,Find the yellow sign with the animal on it. ,Find the Yellow Sign with an animal on it next to the road. ,2017-12-03 01:22:23+00,-1.01406424388,63.9583655069,2,1,2.8816517771,31.934,0,6,fiveMT,1,3,4
42,54,37VE3DA4YTGOIMCDQ8S4IKHZ920BH3,3ZSY5X72NXAODUDIGKELRSEOEDUROM,A17FDM5CXENC1O,Find the yellow sign with the animal on it. ,Find the yellow sign with the animal depiction on the right side of the road.,2017-12-03 01:30:51+00,-1.04369038977,64.1471599989,2,1,1.82522173654,12.33,0,6,fiveMT,3,4,4
43,47,3W0KKJIARQ8WIEFETHBR4A7QTDJK8H,3WZ36BJEV3FHAF11G4EULNF7VZ8BTF,A3RJOM9IU6QKTD,Find a brown tarp.,"Find the food cart covered by a brown tarp.  It will be in front of the window with a yellow M&M in a Santa hat, next to a food cart with yellow and blue/red striped umbrellas.",2017-12-03 01:21:43+00,-9.14583467209,84.7818306073,0,1,1.0,29.951,2,7,fiveMT,4,7,12
44,52,3OREP8RUT1AAIQH262AMXK5YU2NBG4,3KV0LJBBH2K0DRS634Z8ZOPJJDFMR2,A24BWI7WF378CL,Find a brown tarp.,Find a brown tarp next to hot-dog vendor.,2017-12-03 01:27:30+00,-10.3918771271,80.007665643,0,1,0.663976685482,21.437,2,7,fiveMT,3,1,2
45,55,3OREP8RUT1AAIQH262AMXK5YU2NBG4,30LSNF239UUXDOLU3ZMF6NAUQCFI23,AEGKZQKMJTBAJ,Find a brown tarp.,Find a brown tarp that is wrapped around a large object on the sidewalk next to a hot dog cart.,2017-12-03 01:31:55+00,-10.0409050434,79.7579079566,0,1,1.0,63.277,2,7,fiveMT,3,4,5
46,53,3OREP8RUT1AAIQH262AMXK5YU2NBG4,3MHW492WW0CS6Y9NCO4I0LEM4JSMVV,AHEN0PZKOKE3S,Find a brown tarp.,"A small market cart on the sidewalk is covered with a brown tarp, with rope around it holding it in place. There are several other street vendors near it.",2017-12-03 01:29:20+00,-9.11858080651,80.3402849899,0,1,1.0,109.054,2,7,fiveMT,4,6,8
47,51,3W0KKJIARQ8WIEFETHBR4A7QTDJK8H,3VE8AYVF8MWOPCLTI8PVDHA5WKF8F5,A17FDM5CXENC1O,Find a brown tarp.,Brown tarp next to the food vendor on the side of the street.,2017-12-03 01:24:26+00,-10.384493731,81.0169266836,0,1,1.33434983816,30.658,2,7,fiveMT,1,2,5
48,41,341YLJU21HYUQ4N1DXHEH3FAF922IL,3Z7VU45IPYGCJTS8KZAN1Z3FUJ2Z1Z,A2KWML3OM50ZQH,Find the yellow sign with the animal on it. ,Sign pole has white wrapped around it,2017-12-03 01:18:23+00,-0.179476594368,60.8095120952,2,1,3.0805759179,56.706,0,6,fiveMT,1,1,2
49,46,341YLJU21HYUQ4N1DXHEH3FAF922IL,35DR22AR5DJJO1686L0LS721K3J3XZ,A3SCM7PCCL3HYR,Find the yellow sign with the animal on it. ,YELLOW ROAD SIGN WITH A ANIMAL IMAGE ON IT,2017-12-03 01:21:36+00,-2.56957311418,74.4722141326,2,1,1.0,195.593,0,6,fiveMT,0,0,9
50,42,3W0KKJIARQ8WIEFETHBR4A7QTDJK8H,3LEIZ60CDJYU8YV3OCPGG5LYSVQZ98,A2ZNN99UEJA2EU,Find a brown tarp.,Brown tarp on side of road,2017-12-03 01:18:50+00,-10.2210380679,81.5659093758,0,1,1.0,16.176,2,7,fiveMT,0,2,4
51,44,3W0KKJIARQ8WIEFETHBR4A7QTDJK8H,3GDTJDAPVUAUVMDA4VT887UETLR8MC,A24BWI7WF378CL,Find a brown tarp.,Brown tarp next to hotdog vendor.,2017-12-03 01:20:03+00,-10.5491558969,81.1536805979,0,1,2.21043872791,59.61,0,9,fiveMT,1,0,2
52,40,3VJ4PFXFJ26O4YD5KTZ76OMJLSHAU8,3SKRO2GZ71QHUYTMKY7DEKF2QAQ1KG,A2JWWWE1KTDEFC,Find the trash can right next to a tree.,Black  trash can next to tree in background,2017-12-03 01:18:18+00,-2.28756626695,14.3653055045,1,1,2.61291527894,15.041,0,6,fiveMT,0,1,3
53,43,3VJ4PFXFJ26O4YD5KTZ76OMJLSHAU8,3VELCLL3GKI6EC18JNGGY7NXIE91FE,A30V1UH00MWJU5,Find the trash can right next to a tree.,the location of the object,2017-12-03 01:19:03+00,-5.82700571156,178.176651094,1,1,2.61291527894,53.846,6,0,fiveMT,0,1,2
54,49,3VJ4PFXFJ26O4YD5KTZ76OMJLSHAU8,3TE22NPXPBBD8V12MO3Z51X958A446,A2ZNN99UEJA2EU,Find the trash can right next to a tree.,Trash can next to a tree and not near a light post.,2017-12-03 01:22:31+00,-3.46119234301,15.3954905888,1,1,2.10552502029,188.785,0,6,fiveMT,1,1,3
55,50,3VJ4PFXFJ26O4YD5KTZ76OMJLSHAU8,3BEFOD78W6STCLQ8SS3VRVE9RZV4M1,A2ZU1P6UYE1UBU,Find the trash can right next to a tree.,find the trash can next to the tree on the right side of the street,2017-12-03 01:23:16+00,-3.37745992199,13.761241752,1,1,1.0,84.614,1,5,fiveMT,1,2,4
56,57,3W0KKJIARQ8WIEFETHBR4A7QTDJK8H,3L6L49WXW0WV4E520TM9AT3N54654D,A1A68L0VBQNTNW,Find a brown tarp.,A brown tarp wrapped covering an object.,2017-12-03 01:45:26+00,-6.74610565088,111.622347897,0,1,3.95093556939,80.134,0,0,fiveMT,1,0,2
57,61,3IHWR4LC7CC5CJPQTEQFRUSD19WI86,379J5II41OFRY55GHMET04BB4J4ELK,A1V9MN88VQ1LEB,find the trash can next to the tree on the right side of the street,trash can that right of the tree,2017-12-03 03:11:11+00,-3.3953099361,15.6434417134,1,2,2.0933159626,26.709,2,4,fiveMT,0,1,2
58,63,3CVDZS288GZ0NHP4M7UDTFGG5MTFM0,3A4TN5196KHAFB2CUAT0IOI12QIHCN,A1V9MN88VQ1LEB,Find the yellow sign with the animal depiction on the right side of the road.,animal crossing sign ,2017-12-03 03:12:11+00,-1.10796834219,63.8966560087,2,2,2.0933159626,18.913,0,7,fiveMT,1,0,1
59,70,3BC9H1KCYTB2SK0DVZSORYPN9ZXWY5,37Q970SNZE7FIH6UP7GF566C74A1S4,A1YWZPRMSW8OBP,Find the yellow sign with the animal depiction on the right side of the road.,"The second sentence should be, ""You may need to zoom in on the sign to ensure you've found the right object.""",2017-12-03 03:57:52+00,-0.834337669452,64.05301804,2,2,2.61291527894,44.549,0,7,fiveMT,2,2,3
60,72,3BC9H1KCYTB2SK0DVZSORYPN9ZXWY5,31Z0PCVWUKEU83YB3N2EGLTBC9O7TW,A1A3TGZ7DKJWRW,Find the yellow sign with the animal depiction on the right side of the road.,Find the yellow sign with the animal depiction on the right side of the road off into the distance.,2017-12-03 03:59:47+00,-1.18959947186,63.5505067982,2,2,1.0,22.44,2,5,fiveMT,3,6,5
61,73,3BC9H1KCYTB2SK0DVZSORYPN9ZXWY5,3I33IC7ZWF1I762WRBU2PPMBD4H2AQ,A1EG9WRMZL8IWK,Find the yellow sign with the animal depiction on the right side of the road.,Click here when complete,2017-12-03 04:00:51+00,-1.23653556237,62.3225974539,2,2,1.0,25.354,2,5,fiveMT,1,0,1
62,71,3DTJ4WT8BCE8GAOR6L01JZRP8PWZEJ,3WMINLGALB2V5OUYO4J812VXPVUAC7,A1B56XW9M4SPA9,Brown tarp next to hotdog vendor.,the brown tarp is to the right of the hotdog stand if you are facing the hotdog stand,2017-12-03 03:59:11+00,-11.7820511082,50.7823613678,0,2,1.0,36.342,6,0,fiveMT,1,2,5
63,65,3IHWR4LC7CC5CJPQTEQFRUSD19WI86,3E4GGUZ1T8QOJJBI327RJ3P7IG9K2L,ACAJFF4MF5S5X,find the trash can next to the tree on the right side of the street,Find the trashcan between a driveway and a tree on the right side of the street.,2017-12-03 03:13:41+00,-3.24636973319,12.8639142149,1,2,1.0,49.428,4,2,fiveMT,2,4,4
64,74,3DTJ4WT8BCE8GAOR6L01JZRP8PWZEJ,3IUZPWIU1O6AVZ9PHMWY7A5WMN6KW5,A1EG9WRMZL8IWK,Brown tarp next to hotdog vendor.,Click here when finished,2017-12-03 04:01:50+00,-10.8285776204,81.1657530092,0,2,1.0,33.946,0,6,fiveMT,0,0,1
65,75,3DTJ4WT8BCE8GAOR6L01JZRP8PWZEJ,3EF8EXOTT1UMJEN42D71D5FPBLXJ16,A3CDJ8PZX578GQ,Brown tarp next to hotdog vendor.,Brown tarp covering large object next to hotdog vendor,2017-12-03 04:05:01+00,-10.5541781438,80.2782052219,0,2,1.0,21.056,0,6,fiveMT,3,0,3
66,62,3CVDZS288GZ0NHP4M7UDTFGG5MTFM0,3ON104KXQKVPHXKMWU9I0TG0P1E4WX,ACAJFF4MF5S5X,Find the yellow sign with the animal depiction on the right side of the road.,Find the yellow sign warning of animals crossing.,2017-12-03 03:12:09+00,-0.761009667221,62.1812989066,2,2,1.0,28.697,2,5,fiveMT,1,2,3
67,59,3IHWR4LC7CC5CJPQTEQFRUSD19WI86,3JAOYWH7VI3A39EZ9BY78QA0DMO9L5,AGUF6B4Q9991D,find the trash can next to the tree on the right side of the street,A trashcan next to a tree in the distance. With two cars in the driveway just beyond it.,2017-12-03 03:10:49+00,-3.36527372296,14.2593138424,1,2,1.0,21.518,5,1,fiveMT,2,4,4
68,64,3CVDZS288GZ0NHP4M7UDTFGG5MTFM0,3SPJ0334212J9KY7E2EARSQZI64JY2,AGUF6B4Q9991D,Find the yellow sign with the animal depiction on the right side of the road.,The yellow sign with an animal on it on the right of a long straight road with rising hills off in the distance. No buildings can be seen.,2017-12-03 03:12:20+00,-0.985374462837,62.6154707811,2,2,1.0,14.888,2,5,fiveMT,3,7,7
69,67,3BC9H1KCYTB2SK0DVZSORYPN9ZXWY5,39O5D9O87TRVL3VDFP4YEUHRJL2C3D,AZ92TU81P41C8,Find the yellow sign with the animal depiction on the right side of the road.,Look directly behind you and across the road to the right for a yellow sign with the animal depiction.,2017-12-03 03:53:34+00,-0.795818642323,63.9155904563,2,2,2.0933159626,21.106,0,7,fiveMT,2,4,5
70,60,3IHWR4LC7CC5CJPQTEQFRUSD19WI86,3GU1KF0O4I0JIN8UZN5AGDEA6WSBPF,A2AW44Q298B7M8,find the trash can next to the tree on the right side of the street,find the trash can at the end of the driveway under the tree on the right side of the street where the curve begins,2017-12-03 03:11:04+00,-3.22668214441,13.5150251846,1,2,1.0,34.709,4,2,fiveMT,1,5,7
71,66,3IHWR4LC7CC5CJPQTEQFRUSD19WI86,37KGEN7NJ3PLMH94ISNBBXJZN07PPE,A26XN1TM6CV01T,find the trash can next to the tree on the right side of the street,find the trash can next to the tree on the right side of the street by the pickup truck,2017-12-03 03:16:58+00,-11.9238327355,227.420672494,1,2,1.94859038449,22.463,1,5,fiveMT,1,3,6
72,58,33Q5P9PUSOLTJC4DAUU6TBRMNDJCZ3,3PZDLQMM0TK60LZUBPQTVKCZD702CQ,A307Q6GNALHCF3,Brown tarp next to hotdog vendor.,Tarp covering vendor with ropes,2017-12-03 03:10:00+00,-10.4814950754,81.042881777,0,2,2.05661706507,31.228,0,6,fiveMT,0,1,3
73,68,3DTJ4WT8BCE8GAOR6L01JZRP8PWZEJ,38F5OAUN5NB43U7G3TLP22QN1FTH7W,A336K8L9GIRWA5,Brown tarp next to hotdog vendor.,Brown tarp covering something that is next to the hotdog vendor ,2017-12-03 03:55:46+00,-10.9942262765,80.2890347863,0,2,1.0,33.097,0,6,fiveMT,1,0,5
74,69,3DTJ4WT8BCE8GAOR6L01JZRP8PWZEJ,3VHP9MDGRNJQ1FB6ZK50F36OMB7CFM,A119R9WIZRH3D5,Brown tarp next to hotdog vendor.,Brown tarp covering something next to man sitting on crate in front of food cart.,2017-12-03 03:56:07+00,-10.4445386703,79.450197682,0,2,2.56717210632,29.835,0,6,fiveMT,1,3,8
75,103,3TRB893CSI9NGEECTLY6SIJ2BGY7GO,3HPZF4IVNMSW16S14AXO4OD4TVLCYQ,A3K42GIC4D4AWU,Find the trash can right next to a tree.,Black trash can at the end of the right closest driveway on the sidewalk adjacent to parked silver truck.,2017-12-06 19:29:25+00,-12.2179987874,226.623639551,1,0,1.0,12.951,0,0,tenMT,4,3,6
76,104,3TRB893CSI9NGEECTLY6SIJ2BGY7GO,39LOEL67OS4T9050YDOTC8L8U35385,AFSZT3BXPRR9N,Find the trash can right next to a tree.,The trash can is at the edge of a driveway on the left. It is black and small.,2017-12-06 19:29:43+00,-14.8025046933,224.790759284,1,0,1.0,22.732,0,0,tenMT,2,3,4
77,106,3SR6AEG6W4SKVU5O006OQVF0UFKHYY,3R8YZBNQ9HHHGN6JMJ8JBGIOTBCQ77,A09265903LS1OKAES4KAC,Find the yellow sign.,on the right side of the road,2017-12-06 19:32:08+00,-1.26979875785,63.3470865894,2,0,1.0,15.531,0,0,tenMT,1,2,2
78,78,3IZVJEBJ69J43VVC03H37BZCRV6Z64,3MMN5BL1WZ38UP74SEYCHQM3E7P3MM,A4J4GGMKJ68L0,Find the trash can right next to a tree.,The trash can is on the sidewalk next to a tree.,2017-12-06 18:48:23+00,-12.3884294113,223.039007839,1,0,1.0,18.112,0,7,tenMT,0,2,3
79,86,33CLA8O0MHARKX2WRFQUFEAQBDQRF6,3HPZF4IVNMSW16S14AXO4OD4TUFYC4,A4J4GGMKJ68L0,Find a brown tarp.,The brown tarp is to the right underneath the blue m and m billboard. ,2017-12-06 18:50:22+00,-13.5493892094,77.5904035452,0,0,1.0,18.28,0,7,tenMT,4,0,4
80,80,3IZVJEBJ69J43VVC03H37BZCRV6Z64,3D3VGR7TA0EZR5KWXMUT3PGDKUO3RA,A2RH1DE5ND8CEG,Find the trash can right next to a tree.,Trash can next to the tree by the curb,2017-12-06 18:48:38+00,-2.73293487239,15.7784132915,1,0,2.692532447,26.189,1,6,tenMT,0,1,3
81,82,3MQKOF1EE1NZU95MZ35AEDFMRFPWD3,35USIKEBNRFD9QFMNHBA18NNTO16NV,A2VBSFSJXLZZ7A,Find the yellow sign.,Find the yellow diamond shaped sign on the right side of the road.,2017-12-06 18:49:06+00,-0.595839921729,63.126807731,2,0,1.0004686449,11.988,4,5,tenMT,2,3,4
82,90,3MQKOF1EE1NZU95MZ35AEDFMRFPWD3,3DZQRBDBSLEBSKK9CBUYTZL96W73SY,A1SVCWSPL677Q4,Find the yellow sign.,Please find the Yellow Rhombus shaped street sign,2017-12-06 19:01:26+00,-1.03152547114,63.7983095997,2,0,2.24721897586,96.881,0,9,tenMT,0,0,4
83,96,3SR6AEG6W4SKVU5O006OQVF0UFKHYY,30H4UDGLT2HF1ECRQCVJUTP4J4LPMQ,AFSZT3BXPRR9N,Find the yellow sign.,The yellow sign is dimond shaped on the right side of the road of a prarie.,2017-12-06 19:25:31+00,10.9611046298,53.6910944329,2,0,1.0,31.921,3,6,tenMT,3,3,4
84,97,3SR6AEG6W4SKVU5O006OQVF0UFKHYY,354P56DE9K2TT3LWENXO6GXPBZXS7Y,A3K42GIC4D4AWU,Find the yellow sign.,Yellow Animal Crossing Sign,2017-12-06 19:26:36+00,-1.17418279973,63.2686361953,2,0,1.61190440991,20.79,0,9,tenMT,0,0,4
85,99,3SR6AEG6W4SKVU5O006OQVF0UFKHYY,3DQQ64TANGKB6Q65UE163RRVH6ZWPO,A1ZW5J4OR86543,Find the yellow sign.,Diamond-shaped sign that warns of animals along/crossing road.,2017-12-06 19:27:36+00,-1.10847198338,62.7745915825,2,0,1.24117367092,17.672,2,7,tenMT,1,2,3
86,89,33CLA8O0MHARKX2WRFQUFEAQBDQRF6,3YGXWBAF70GG3ZEHF39HOZ9XYTHC4Y,A1AILND65FJMLX,Find a brown tarp.,Find a brown tarp on the sidewalk.,2017-12-06 18:52:07+00,-9.85295971264,80.0914117496,0,0,1.0,137.993,0,7,tenMT,1,2,2
87,77,3MQKOF1EE1NZU95MZ35AEDFMRFPWD3,3W8CV64QJ2Y8HDV9IQJ9GYHTXD09H0,A320QA9HJFUOZO,Find the yellow sign.,Diamond shaped yellow road sign,2017-12-06 18:48:23+00,-1.12101742006,64.1291870373,2,0,2.37593476475,24.988,0,9,tenMT,1,0,3
88,79,3MQKOF1EE1NZU95MZ35AEDFMRFPWD3,3IOEN3P9S7IAVJ8XIUDC41AKQNW16I,A2XVL0RNQMWI17,Find the yellow sign.,The yellow sign is on the right side of the road.,2017-12-06 18:48:33+00,-1.3382005421,62.6889231204,2,0,1.0,29.702,1,8,tenMT,2,2,3
89,84,3IZVJEBJ69J43VVC03H37BZCRV6Z64,3VP0C6EFSGV7R8UMBGWAOTYNOYR6MV,A1AILND65FJMLX,Find the trash can right next to a tree.,Find the trash can right next to a tree; with cars on the background.,2017-12-06 18:49:30+00,-3.74684825579,15.3049470417,1,0,2.61291527894,45.181,1,6,tenMT,1,3,4
90,98,33P2GD6NRMRPBPG7WL5XHN0PW0BKH6,3HVVDCPGTERDNNUCQWSETYD8HHKTYP,A09265903LS1OKAES4KAC,Find a brown tarp.,brown tarp in front of M&Ms store,2017-12-06 19:26:41+00,-11.6287152011,80.8429406843,0,0,1.0,18.428,0,7,tenMT,1,2,5
91,87,3IZVJEBJ69J43VVC03H37BZCRV6Z64,33L7PJKHCGXY8H3UDSUKULP6O1DT85,A2KPSDEGQN6ENM,Find the trash can right next to a tree.,Find the trash can on the left side of a tree on the side of the street.,2017-12-06 18:50:23+00,-3.33879014032,15.0338372536,1,0,2.0533429935,28.012,1,6,tenMT,1,5,5
92,88,3IZVJEBJ69J43VVC03H37BZCRV6Z64,374TNBHA8BU0V72K9SYJOT2LX9HYQA,A35NVKW9R833VF,Find the trash can right next to a tree.,Find the black trash can next to a tree.,2017-12-06 18:50:45+00,-12.6414615838,226.59470236,1,0,1.0,17.348,0,7,tenMT,1,1,2
93,91,3TRB893CSI9NGEECTLY6SIJ2BGY7GO,3A4TN5196KHAFB2CUAT0IOI13Z7CHQ,A1JMJCVG86Y5RT,Find the trash can right next to a tree.,Trashcan on the sidewalk behind the white car,2017-12-06 19:22:16+00,-10.1932344521,343.942257138,1,0,0.999197443628,32.753,7,0,tenMT,2,2,2
94,92,3TRB893CSI9NGEECTLY6SIJ2BGY7GO,3LEIZ60CDJYU8YV3OCPGG5LYT4LZ9M,A2089GGBHBLVSQ,Find the trash can right next to a tree.,It is at the end of the stret,2017-12-06 19:23:14+00,-3.61457025279,15.4811888287,1,0,2.36937704873,14.304,1,6,tenMT,0,2,2
95,95,3TRB893CSI9NGEECTLY6SIJ2BGY7GO,3Z3ZLGNNSITZF45WK75TYZ68O9QQ32,A04105201BXJMN0FM5L6U,Find the trash can right next to a tree.,Trash Can near Tree on the house with the Silver Car in Driveway,2017-12-06 19:25:05+00,-3.7349939549,14.0808920356,1,0,1.0,24.242,5,2,tenMT,0,3,6
96,102,3TRB893CSI9NGEECTLY6SIJ2BGY7GO,3Q5ZZ9ZEVOEWNFS4CWCMR5JS8ZW850,AT6LDQNLKTUSE,Find the trash can right next to a tree.,Find the trash can that is next to the tree and the silver truck.,2017-12-06 19:28:30+00,-5.62962458183,227.456528885,1,0,0.0,65.424,3,4,tenMT,2,1,3
97,76,3MQKOF1EE1NZU95MZ35AEDFMRFPWD3,3A4TN5196KHAFB2CUAT0IOI13Y3HCP,A2RH1DE5ND8CEG,Find the yellow sign.,The yellow sign with an animal on it,2017-12-06 18:47:54+00,-0.907683233262,64.287123817,2,0,2.692532447,16.301,0,9,tenMT,1,2,2
98,81,3MQKOF1EE1NZU95MZ35AEDFMRFPWD3,3M81GAB8A0I4IZ99Z0KZGI4KC0ZBQ8,A4J4GGMKJ68L0,Find the yellow sign.,"There are no houses next to the sign, and the sign is pretty far away. ",2017-12-06 18:49:00+00,-1.73596834197,61.2713908443,2,0,1.0,11.137,5,4,tenMT,0,1,3
99,93,33P2GD6NRMRPBPG7WL5XHN0PW0BKH6,3H7XDTSHKCQ5TDD6RVBJ9ID3GFCWGK,A04105201BXJMN0FM5L6U,Find a brown tarp.,Brown Tarp on street near Yellow M&M ,2017-12-06 19:23:47+00,-10.5000529723,78.7235132778,0,0,1.0,72.769,0,7,tenMT,0,2,6
100,100,33P2GD6NRMRPBPG7WL5XHN0PW0BKH6,3I2PTA7R3TT5B2D35DXSFLNAZVCQKD,A3K42GIC4D4AWU,Find a brown tarp.,Brown tarp covering large object behind sitting man on left sidewalk,2017-12-06 19:27:36+00,-11.5224352381,79.8538729213,0,0,1.0,15.465,0,7,tenMT,2,2,5
101,85,3IZVJEBJ69J43VVC03H37BZCRV6Z64,3X31TUMD7XLSE4B45YJETKSHGILL1A,A2XVL0RNQMWI17,Find the trash can right next to a tree.,The trash can is in front of the house with a basketball hoop in it's driveway.,2017-12-06 18:50:01+00,-12.0663232845,226.348341632,1,0,1.0,22.491,0,7,tenMT,0,4,6
102,94,3SR6AEG6W4SKVU5O006OQVF0UFKHYY,3QILPRALQ5U0D4YAGW88LMJEZKVN84,A04105201BXJMN0FM5L6U,Find the yellow sign.,Yellow Sign on the road ,2017-12-06 19:24:23+00,-1.29007649012,62.6042890413,2,0,1.0,13.685,3,6,tenMT,1,1,2
103,105,33P2GD6NRMRPBPG7WL5XHN0PW0BKH6,3MX2NQ3YC9TM2GTCK4OE740LZ855X5,A1ZW5J4OR86543,Find a brown tarp.,"Brown tarp wrapped on object near yellow and red umbrella, left on side of street when facing Monster billboard.",2017-12-06 19:30:27+00,-10.0958089665,81.0169282647,0,0,0.0,99.07,0,7,tenMT,2,4,8
104,108,3TRB893CSI9NGEECTLY6SIJ2BGY7GO,3P529IW9KYKJ4J5CCXYZIMWBHT9LFI,A1ZW5J4OR86543,Find the trash can right next to a tree.,"At the end of an empty driveway, next driveway past the trash can has at least three vehicles in it.",2017-12-06 19:32:43+00,-3.34370196351,15.5321220099,1,0,2.86307149188,35.433,0,0,tenMT,3,5,5
105,109,3TRB893CSI9NGEECTLY6SIJ2BGY7GO,36DSNE9QZ5X7F6U58F5CP1SX55VJO0,A10N5VZVQPBY77,Find the trash can right next to a tree.,trash can by a tree in front of the white house with the truck parked in front.,2017-12-06 19:33:45+00,-9.05535069008,164.516324566,1,0,2.4466527622,36.952,0,0,tenMT,1,5,6
106,110,3SR6AEG6W4SKVU5O006OQVF0UFKHYY,3LJ7UR74RHCZU3B84TIV4A39XY14NG,A31STOC63OK6ZQ,Find the yellow sign.,There is a yellow traffic sign on the right side of the road,2017-12-06 19:43:04+00,-1.39000613932,64.2883948322,2,0,2.75455593621,33.725,0,0,tenMT,2,2,4
107,111,3SR6AEG6W4SKVU5O006OQVF0UFKHYY,31Z0PCVWUKEU83YB3N2EGLTBDIE7T5,A3I0M3IPT9Z62V,Find the yellow sign.,Please turn the street view to the left. You will see the yellow sign right away. ,2017-12-06 19:47:08+00,-10.2391619081,102.736995692,2,0,1.0,34.616,0,0,tenMT,1,0,5
108,112,3TRB893CSI9NGEECTLY6SIJ2BGY7GO,3FE7TXL1LIMAUM9DG7ROFP1GIVSQ2T,A31STOC63OK6ZQ,Find the trash can right next to a tree.,"There is a trash can right beside a large tree, on the right side of the road. There are no cars parked on the street close to this trash can",2017-12-06 19:47:14+00,-3.36305003073,15.6898040687,1,0,2.75455593621,122.541,0,0,tenMT,2,3,7
109,83,33CLA8O0MHARKX2WRFQUFEAQBDQRF6,38JBBYETQO9V0XYVBUFCEN90J5UE4T,A2KPSDEGQN6ENM,Find a brown tarp.,Find a brown tarp next to a food vendor with two multicolored umbrellas above it.,2017-12-06 18:49:30+00,-10.9400028093,79.897291251,0,0,1.0,28.368,0,7,tenMT,2,3,4
110,101,33P2GD6NRMRPBPG7WL5XHN0PW0BKH6,3F1567XTNW4LU6UC1G63PC9UO10Q9J,AFSZT3BXPRR9N,Find a brown tarp.,The brown tarp is in front of a candy store on the sidewalk on the left side of the road. It is covering up something big and has a rope around it.,2017-12-06 19:28:06+00,-4.33772736947,71.5691576783,0,0,1.0,18.922,0,7,tenMT,3,6,9
111,107,33P2GD6NRMRPBPG7WL5XHN0PW0BKH6,3C6FJU71TQSSN091Q1IOYUZA0VRYUL,A10N5VZVQPBY77,Find a brown tarp.,Brown tarp on the sidewalk by the hotdog stand.,2017-12-06 19:32:18+00,-7.7578587961,79.5835875729,0,0,2.05443666304,69.495,0,7,tenMT,0,2,5
112,113,33P2GD6NRMRPBPG7WL5XHN0PW0BKH6,3QAVNHZ3EM3O8SO41HC74LLKKDXLA6,A1EEUBRH234T7M,Find a brown tarp.,It's easy to find. it placed just left hand side near starting point only.,2017-12-06 19:50:10+00,-13.2018673169,48.0753015164,0,0,1.05432270584,198.424,7,0,tenMT,1,1,3
113,116,3EGKVCRQFVRA4H2208WS4KC203MYB9,3NVC2EB65QY8O6WIBHMNBL9ANIO3YZ,A2K3MUBO2FWKRD,Please turn the street view to the left. You will see the yellow sign right away. ,On the right side of the highway is a yellow sign.,2017-12-06 22:47:07+00,-1.27117840397,63.2657455182,2,1,1.0,27.341,1,3,tenMT,2,2,3
114,126,3E9VAUV7BVD5L7XAUUWW99SWIL2AYR,3N8OEVH1FRPLGHL2OSXHXX9J4ZLOO4,A1O75XZ8398XRD,"Brown tarp wrapped on object near yellow and red umbrella, left on side of street when facing Monster billboard.","Brown tarp wrapped on object near yellow and red umbrella, left on side of street when facing Monster billboard next to the yellow and red umbrella.",2017-12-06 22:56:41+00,-10.0087516808,80.8340808262,0,1,1.0,16.274,0,6,tenMT,3,5,10
115,117,3EGKVCRQFVRA4H2208WS4KC203MYB9,3SKRO2GZ71QHUYTMKY7DEKF2RJ0K1S,A3LMGLOJ8JA3LS,Please turn the street view to the left. You will see the yellow sign right away. ,The yellow sign is standing alone by the road.,2017-12-06 22:47:08+00,-3.83581365647,61.9450230046,2,1,0.0,33.496,1,3,tenMT,1,1,2
116,120,3E9VAUV7BVD5L7XAUUWW99SWIL2AYR,3KXIR214I4F35HMFIAKBCM0BM3P424,A1NT8BT94ME6F5,"Brown tarp wrapped on object near yellow and red umbrella, left on side of street when facing Monster billboard.","Brown tarp wrapped on object near yellow and red umbrella, left on side of street when facing Monster billboard.",2017-12-06 22:48:22+00,-6.72431926519,192.126093029,0,1,2.52751501908,96.061,6,0,tenMT,2,4,8
117,122,3WUVMVA7OA25QX7FQGYFNG1YOF6AZI,3X4JMASXCM8GU64AI2QK1CD2ZXM0BM,A2I5BGG2CI3BHN,Black trash can at the end of the right closest driveway on the sidewalk adjacent to parked silver truck.,"Pan right to find the silver pickup truck parked on the side of the road, then look just behind it for the black trash can on the driveway with the dark grey SUV.",2017-12-06 22:52:23+00,-12.3378587169,227.990215717,1,1,1.7326896434,50.582,1,5,tenMT,2,6,11
118,121,3E9VAUV7BVD5L7XAUUWW99SWIL2AYR,3RKNTXVS3MXSAKHJVPDQI4J9YRH4AB,A2I5BGG2CI3BHN,"Brown tarp wrapped on object near yellow and red umbrella, left on side of street when facing Monster billboard.","Brown tarp wrapped on object near yellow and red umbrella, left on side of street when facing Monster billboard.",2017-12-06 22:49:28+00,-10.6612196622,80.3452707493,0,1,1.05873341911,89.079,0,6,tenMT,2,4,8
119,118,3EGKVCRQFVRA4H2208WS4KC203MYB9,3TY7ZAOG5FJHN984OF3D0FWSMRUK0P,A2I5BGG2CI3BHN,Please turn the street view to the left. You will see the yellow sign right away. ,Find the small yellow traffic sign by the side of the road.,2017-12-06 22:47:29+00,-1.1972325067,63.3782067307,2,1,1.0,30.636,1,3,tenMT,2,3,4
120,124,3EGKVCRQFVRA4H2208WS4KC203MYB9,3MHW492WW0CS6Y9NCO4I0LEM5S3VMY,A1O75XZ8398XRD,Please turn the street view to the left. You will see the yellow sign right away. ,I was expecting it to be closer. Say that it is a bit down the road.,2017-12-06 22:54:32+00,-1.05055527139,62.7431775647,2,1,1.0,21.058,0,4,tenMT,1,1,2
121,128,3EGKVCRQFVRA4H2208WS4KC203MYB9,3YZ8UPK3VTLFKX8WU90Z137RX7QUCQ,A2GN4QAM16WWH2,Please turn the street view to the left. You will see the yellow sign right away. ,"Square, yellow sign to the right of the beginning view",2017-12-06 22:58:11+00,-1.8148765777,64.262005578,2,1,2.10552502029,19.559,0,4,tenMT,1,1,5
122,125,3WUVMVA7OA25QX7FQGYFNG1YOF6AZI,3P1L2B7AD1ODAWI5B0HP5G5P9UGLOK,A1O75XZ8398XRD,Black trash can at the end of the right closest driveway on the sidewalk adjacent to parked silver truck.,Black trash can at the end of the right closest driveway on the sidewalk adjacent to parked silver truck and black SUV.,2017-12-06 22:55:58+00,-12.7325648013,226.331039075,1,1,1.0,29.065,0,6,tenMT,5,3,7
123,127,3WUVMVA7OA25QX7FQGYFNG1YOF6AZI,34S9DKFK73OFSAPST062KZ7GSZFYNA,A2GN4QAM16WWH2,Black trash can at the end of the right closest driveway on the sidewalk adjacent to parked silver truck.,Black trash can across the street near the silver truck,2017-12-06 22:57:25+00,-12.530735789,228.049700307,1,1,2.10552502029,30.974,2,4,tenMT,1,2,4
124,115,3WUVMVA7OA25QX7FQGYFNG1YOF6AZI,3PW9OPU9PQJMDIPWVS19EOT8AJF12O,A3LMGLOJ8JA3LS,Black trash can at the end of the right closest driveway on the sidewalk adjacent to parked silver truck.,It is in between the blue car in the driveway and the silver truck parked on the street.,2017-12-06 22:46:15+00,-13.1402841824,223.925940027,1,1,0.0,29.449,1,5,tenMT,1,4,5
125,114,3EGKVCRQFVRA4H2208WS4KC203MYB9,3RGU30DZTA7JF39TVZQZXX3SA5VMJ3,A39ZMNLNF8M7H6,Please turn the street view to the left. You will see the yellow sign right away. ,"It would be better to say how far left i need to turn, like 160 degrees or something like that.",2017-12-06 22:45:46+00,-0.82125727539,62.8419558299,2,1,1.0,38.264,2,2,tenMT,2,2,2
126,129,3E9VAUV7BVD5L7XAUUWW99SWIL2AYR,3IOEN3P9S7IAVJ8XIUDC41AKQOI166,A2N9QCS90MDZ4C,"Brown tarp wrapped on object near yellow and red umbrella, left on side of street when facing Monster billboard.",Locate the brown tarp beside the Blue/Yellow and Red/Yellow umbrellas.,2017-12-06 22:58:57+00,-10.7681040593,76.5700908326,0,1,0.0,57.254,0,6,tenMT,1,1,4
127,142,3SSN80MU8BNMXFGM1PNJK9OJLR6XKR,3KXIR214I4F35HMFIAKBCM0BM3324G,A3SOZYQZWJOOYS,Black trash can at the end of the right closest driveway on the sidewalk adjacent to parked silver truck.,Turn to your left and look for a truck and find the black trash can near it that is on the sidewalk and end of driveway.,2017-12-07 01:18:58+00,-12.7376670137,226.677769113,1,1,1.0,72.55,0,0,tenMT,1,3,7
128,143,3SSN80MU8BNMXFGM1PNJK9OJLR6XKR,3EJPLAJKEMF7QFT5Q5M4WVUW3386ZD,A27LL4ZYGIKJ5I,Black trash can at the end of the right closest driveway on the sidewalk adjacent to parked silver truck.,"Black roller trash cab on the side walk at the end of the driveway with the SUV parked in it, at the house with a silver trucked parked out front. You may have to move the camera to the opposite side of the from the original view. ",2017-12-07 01:20:25+00,-12.3312556464,225.021417302,1,1,1.0,63.256,0,0,tenMT,2,9,15
129,133,3EHIMLB7F6Y5GOE6NW8URIRY21U8HR,3M81GAB8A0I4IZ99Z0KZGI4KC1XBQ8,A3LD1G3R5NOVYH,Please turn the street view to the left. You will see the yellow sign right away. ,"Move the street view to the left, then the yellow sign is on the right of the road.",2017-12-07 01:11:44+00,-3.7797700055,82.6289440187,2,1,1.0,26.193,0,4,tenMT,1,3,6
130,144,3VDI8GSXAESRGSJV3QQC6IFXN1H8GS,3IHR8NYAM70ZXONLK8VN8Z84XDVP4Q,A3SOZYQZWJOOYS,"Brown tarp wrapped on object near yellow and red umbrella, left on side of street when facing Monster billboard.","Brown tarp wrapped on object near yellow and red umbrella, left on side of street when facing Monster billboard, next to a hotdog cart and a picture of the yellow M&M.",2017-12-07 01:20:33+00,-9.7503985941,78.6830261783,0,1,1.0,51.749,0,6,tenMT,4,5,13
131,139,3SSN80MU8BNMXFGM1PNJK9OJLR6XKR,3TEM0PF1Q5W9932UWYHQW2122IBD0J,A3LD1G3R5NOVYH,Black trash can at the end of the right closest driveway on the sidewalk adjacent to parked silver truck.,Black trash can at the end of the driveway of the white house with the black SUV in the driveway,2017-12-07 01:14:28+00,-10.5531815168,269.396997123,1,1,1.0,73.876,6,0,tenMT,2,5,7
132,141,3SSN80MU8BNMXFGM1PNJK9OJLR6XKR,3OS46CRSLFYQHVOVP8X1BPH0FS26VD,A3SRQ2H6NK509R,Black trash can at the end of the right closest driveway on the sidewalk adjacent to parked silver truck.,It is a medium sized black trash can outside a house on the sidewalk,2017-12-07 01:17:26+00,-11.6583276544,221.473390746,1,1,0.012165757454,18.705,1,5,tenMT,1,1,4
133,135,3SSN80MU8BNMXFGM1PNJK9OJLR6XKR,3GU1KF0O4I0JIN8UZN5AGDEA75BBPH,A2I7BTOLVB498E,Black trash can at the end of the right closest driveway on the sidewalk adjacent to parked silver truck.,Black trash can at the end of the right closet driveway on the sidewalk infront of the two stories red house adjacent to parked silver truck ,2017-12-07 01:12:30+00,-11.9363259021,156.922767483,1,1,0.149949276414,74.26,6,0,tenMT,4,4,10
134,137,3SSN80MU8BNMXFGM1PNJK9OJLR6XKR,3ZSANO2JCF668W02W6V0U8A69NAFSJ,A1L3937MY09J3I,Black trash can at the end of the right closest driveway on the sidewalk adjacent to parked silver truck.,The black trash can that is in the drive way of the house where there is a silver pick up truck parked in front of it.,2017-12-07 01:13:44+00,-12.5420669559,226.485962361,1,1,1.0,15.316,0,6,tenMT,2,4,7
135,138,3VDI8GSXAESRGSJV3QQC6IFXN1H8GS,3AUQQEL7U5SV3K2GNJHK2O792PFV00,A3SKEW89V5S0DI,"Brown tarp wrapped on object near yellow and red umbrella, left on side of street when facing Monster billboard.",Object covered with Brown Tarp on sidewalk under red and yellow umbrella.,2017-12-07 01:13:49+00,-8.97363022879,80.2588857226,0,1,1.0,21.579,0,6,tenMT,2,3,5
136,140,3VDI8GSXAESRGSJV3QQC6IFXN1H8GS,32SVAV9L3F87SOYFVB878ZR3KRZ3A3,A1L3937MY09J3I,"Brown tarp wrapped on object near yellow and red umbrella, left on side of street when facing Monster billboard.",The object wrapped in a brown tarp directly in front of the yellow M&M character. There is a man in a blue jacket sitting near it as well as some umbrellas.,2017-12-07 01:15:43+00,-11.3474399287,80.6936374435,0,1,1.0,59.371,0,6,tenMT,2,5,11
137,119,3E9VAUV7BVD5L7XAUUWW99SWIL2AYR,3PPTZCWALQJ00XCP5E0220BN345ZQO,A2K3MUBO2FWKRD,"Brown tarp wrapped on object near yellow and red umbrella, left on side of street when facing Monster billboard.","Brown tarp wrapped on object near yellow and red umbrella, left on side of street when facing Monster billboard.",2017-12-06 22:48:02+00,-9.87275034545,81.2508941479,0,1,1.0,31.866,0,6,tenMT,2,4,8
138,123,3E9VAUV7BVD5L7XAUUWW99SWIL2AYR,3OUYGIZWR7XIY05K178LWWIRG10P0V,A314PX1XTCQP77,"Brown tarp wrapped on object near yellow and red umbrella, left on side of street when facing Monster billboard.","The brown tarp wrapped object can be found on the curb next to Sabrett hot dog stand, and in front of the store that has a window display of a giant, yellow, Peanut M&M.  ",2017-12-06 22:53:09+00,-14.6363574916,47.6039158275,0,1,1.0,242.703,5,1,tenMT,5,5,12
139,145,3VDI8GSXAESRGSJV3QQC6IFXN1H8GS,32Q90QCQ1SKGEZNYWM2SL4YWGSJKEQ,AKVDY8OXNMQED,"Brown tarp wrapped on object near yellow and red umbrella, left on side of street when facing Monster billboard.","A large item that is about the size of a hot dog cart is covered in a brown tarp, a reflection of a giant yellow M&M can be seen behind the object.",2017-12-07 01:26:28+00,-9.90312166587,79.9959591851,0,1,1.0,260.219,0,6,tenMT,5,5,9
140,130,3WUVMVA7OA25QX7FQGYFNG1YOF6AZI,3D8YOU6S9EJQ4GZVKINWF3FH1LG6UB,A1DY3EW6Q0B5K5,Black trash can at the end of the right closest driveway on the sidewalk adjacent to parked silver truck.,"You need to turn around, but it is on the right side.",2017-12-06 22:59:31+00,-17.7666927044,153.450476604,1,1,1.0,38.31,6,0,tenMT,1,1,1
141,131,3EGKVCRQFVRA4H2208WS4KC203MYB9,3VZLGYJEYL9K9UD1RSVUW87G07TZXM,A1DY3EW6Q0B5K5,Please turn the street view to the left. You will see the yellow sign right away. ,The yellow sign is straight ahead. ,2017-12-06 23:00:13+00,-3.23043674232,57.9690843244,2,1,1.60409925244,30.469,0,4,tenMT,2,0,1
142,132,3EHIMLB7F6Y5GOE6NW8URIRY21U8HR,3ZPBJO59KP0KK38QU6OB2U0JOZDDHL,A3P1S5BG8KQFUX,Please turn the street view to the left. You will see the yellow sign right away. ,The Yellow sign on the right side of the Highway,2017-12-07 01:09:47+00,-2.15075684978,63.9360534031,2,1,1.0,18.097,0,4,tenMT,1,2,4
143,136,3EHIMLB7F6Y5GOE6NW8URIRY21U8HR,358010RM5ES30A8RQV6RB2UKCW0XVX,A2I7BTOLVB498E,Please turn the street view to the left. You will see the yellow sign right away. ,turn the street view  around. ,2017-12-07 01:13:22+00,-2.73979911322,61.7662389113,2,1,1.02859182276,30.705,0,4,tenMT,0,1,2
144,134,3SSN80MU8BNMXFGM1PNJK9OJLR6XKR,3S4AW7T80BH9638NSG2GRIZKS3T4L6,A3SKEW89V5S0DI,Black trash can at the end of the right closest driveway on the sidewalk adjacent to parked silver truck.,Black trash can at the end of the driveway with the Black SUV.,2017-12-07 01:11:45+00,-18.465835426,290.090578723,1,1,1.0,43.256,5,1,tenMT,0,3,6
145,146,3Q7TKIAPOS9JJFTNVPY852Y6U93LDK,3LRKMWOKB5GJ8EA433A16IDKNZEZ2Z,A2QIZ31TMHU0GD,"Black roller trash cab on the side walk at the end of the driveway with the SUV parked in it, at the house with a silver trucked parked out front. You may have to move the camera to the opposite side of the from the original view.",the trash is near by the road,2017-12-07 03:54:24+00,-9.6570146382,345.649402379,1,2,1.0,14.367,3,1,tenMT,0,2,2
146,148,3M0556243RJ65ZA4Y89D6U5GBHJNFZ,3S4AW7T80BH9638NSG2GRIZKS434LI,A2QIZ31TMHU0GD,Please turn the street view to the left. You will see the yellow sign right away. ,the description is very clearly to get ,2017-12-07 03:55:51+00,-1.08821159985,64.2274980316,2,2,1.0,21.146,2,3,tenMT,0,0,1
147,152,3M0556243RJ65ZA4Y89D6U5GBHJNFZ,3LQ8PUHQFLR1SEOCMKPMTRGWG5VHI3,A2BXIKA3RQU7B5,Please turn the street view to the left. You will see the yellow sign right away. ,There is a yellow diamond shaped street sign next to the street.,2017-12-07 03:59:45+00,-1.38551514644,63.3991214556,2,2,1.0,93.98,2,3,tenMT,1,1,4
148,154,3Q7TKIAPOS9JJFTNVPY852Y6U93LDK,3TYCR1GOTCIP90WCD9S6LECTTZ5ZLO,A3MS21UJPMHLK0,"Black roller trash cab on the side walk at the end of the driveway with the SUV parked in it, at the house with a silver trucked parked out front. You may have to move the camera to the opposite side of the from the original view.",It's immediately to the left of our view from the white SUV parked in teh drivway,2017-12-07 04:01:42+00,-2.42497420415,193.924711806,1,2,2.10961777493,20.699,4,0,tenMT,2,3,4
149,149,3M0556243RJ65ZA4Y89D6U5GBHJNFZ,3HWRJOOET51E2I061VBUCQP6XN5ESC,A3UUH3632AI3ZX,Please turn the street view to the left. You will see the yellow sign right away. ,It's a little off in the distance. ,2017-12-07 03:55:53+00,-1.22113231795,61.638900246,2,2,1.0,24.852,2,3,tenMT,1,1,1
150,150,3M0556243RJ65ZA4Y89D6U5GBHJNFZ,39GAF6DQWRZVA9NYJ2LKGTQJ7IV1VL,AZZ2Y5UHP5F0L,Please turn the street view to the left. You will see the yellow sign right away. ,Turn slightly left to see yellow sign.,2017-12-07 03:56:55+00,0.0,67.718734386,2,2,1.0,129.141,2,3,tenMT,1,0,2
151,167,3R16PJFTS2QVZDSCHELENYRLSZ64KU,3WZ36BJEV3FHAF11G4EULNF7WD5TBN,A3NUYAG56BPYBB,"Black roller trash cab on the side walk at the end of the driveway with the SUV parked in it, at the house with a silver trucked parked out front. You may have to move the camera to the opposite side of the from the original view.","Outdoor garbage can on the sidewalk in front of a large, white home. There is a black SUV in the driveway that is parked in front of a basketball goal and a silver truck parked in front of the home on the street.",2017-12-07 12:44:49+00,-12.5738339543,226.620649425,1,2,1.0,34.707,1,3,tenMT,4,9,14
152,168,3R16PJFTS2QVZDSCHELENYRLSZ64KU,3P59JYT76LJNM215XBLJKUC327ST2L,A1AUVG21LFOJXF,"Black roller trash cab on the side walk at the end of the driveway with the SUV parked in it, at the house with a silver trucked parked out front. You may have to move the camera to the opposite side of the from the original view.","WITHOUT MOVING, look around the google street view image (zoom if necessary) until  you locate the following object  : Black roller trash cab on the side walk at the end of the driveway with the SUV parked in it, at the house with a silver trucked parked out front.",2017-12-07 12:48:39+00,-12.0559120413,225.64501918,1,2,0.461864178942,52.79,1,3,tenMT,3,11,18
153,153,3M0556243RJ65ZA4Y89D6U5GBHJNFZ,37XITHEISW8N45GFQF5UWSK7Q99CRT,A3MS21UJPMHLK0,Please turn the street view to the left. You will see the yellow sign right away. ,It's more of a white sign to the left of the road,2017-12-07 04:00:49+00,-1.33550539427,228.795844622,2,2,1.0,28.104,5,0,tenMT,2,2,3
154,159,3M0556243RJ65ZA4Y89D6U5GBHJNFZ,3A4TN5196KHAFB2CUAT0IOI130CHC2,A2URJ0DDMLYZP2,Please turn the street view to the left. You will see the yellow sign right away. ,Yellow sign to the left warning of animal on road,2017-12-07 04:09:35+00,-1.97843015187,64.184760527,2,2,2.10280295337,27.379,1,4,tenMT,2,2,4
155,165,3MDKGGG61PM8HJMDUBSLLNYV7336TN,3YT88D1N08XD417172LW2DUZP813K0,A1AUVG21LFOJXF,Please turn the street view to the left. You will see the yellow sign right away. ,I think I had to turn right instead of left. ,2017-12-07 12:42:25+00,-0.80941639206,62.6615851416,2,2,1.0,60.712,1,4,tenMT,1,1,1
156,166,3MDKGGG61PM8HJMDUBSLLNYV7336TN,382M9COHEHEUHVSAQ06URR7UIOPUEF,A3NUYAG56BPYBB,Please turn the street view to the left. You will see the yellow sign right away. ,Yellow triangular street sign is shown when the Google viewer is panned towards the left.,2017-12-07 12:42:32+00,-1.08830631114,62.6284054428,2,2,1.0,30.081,1,4,tenMT,1,2,5
157,157,3Q7TKIAPOS9JJFTNVPY852Y6U93LDK,31IBVUNM9SYM0OH6Q1055VUD8SFFV1,A3LA5P3N3KI8U7,"Black roller trash cab on the side walk at the end of the driveway with the SUV parked in it, at the house with a silver trucked parked out front. You may have to move the camera to the opposite side of the from the original view.",The trash can is in front of a white house with brown doors.,2017-12-07 04:06:38+00,-12.3264101329,226.916832378,1,2,1.0,9.859,1,3,tenMT,2,3,4
158,161,3Q7TKIAPOS9JJFTNVPY852Y6U93LDK,3WAKVUDHUWF98GD03SSOLHFDWXO7U1,A1WTIPXQDJIMUI,"Black roller trash cab on the side walk at the end of the driveway with the SUV parked in it, at the house with a silver trucked parked out front. You may have to move the camera to the opposite side of the from the original view.",black trash can at the left corner of the driveway behind the SUV,2017-12-07 04:14:58+00,-12.520882652,228.377047027,1,2,2.61291527894,45.441,4,0,tenMT,2,3,4
159,176,3R16PJFTS2QVZDSCHELENYRLSZ64KU,3RKNTXVS3MXSAKHJVPDQI4J9YWF4AJ,A3BBDE2P17YP8N,"Black roller trash cab on the side walk at the end of the driveway with the SUV parked in it, at the house with a silver trucked parked out front. You may have to move the camera to the opposite side of the from the original view.",Black trashcan near the end of the driveway. ,2017-12-07 13:40:15+00,-12.3379865668,227.235825203,1,2,1.0,20.827,0,0,tenMT,1,2,3
160,177,3MDKGGG61PM8HJMDUBSLLNYV7336TN,3GNCZX450IMEZD32T95EL2U4PSAPAU,A1GB7OWE10C5OC,Please turn the street view to the left. You will see the yellow sign right away. ,The line is faint and need to be thickened ,2017-12-07 13:44:42+00,-5.21056979964,67.2420471026,2,2,1.0,18.846,0,0,tenMT,1,0,1
161,178,3R16PJFTS2QVZDSCHELENYRLSZ64KU,3XM0HYN6NKYHPQKE9E70HLKVA79PEQ,A3N6GSFW6FL3AT,"Black roller trash cab on the side walk at the end of the driveway with the SUV parked in it, at the house with a silver trucked parked out front. You may have to move the camera to the opposite side of the from the original view.",located ont the border of the grass next to a tree,2017-12-07 13:56:40+00,-13.2424266511,227.136845653,1,2,1.0,44.895,0,0,tenMT,0,3,3
162,151,3P6ENY9P78VY5UQJWIKL47LC5X2IHC,358UUM7WRZ2HSOLJZYXJG6STPYI7RV,A3MS21UJPMHLK0,"Brown tarp wrapped on object near yellow and red umbrella, left on side of street when facing Monster billboard.",person with a green coat is walking behind it,2017-12-07 03:59:10+00,0.0,27.0,0,2,1.0,33.961,8,0,tenMT,1,2,2
163,171,3R16PJFTS2QVZDSCHELENYRLSZ64KU,3WLEIWSYHOGXHTAAXH4U6B9FRD42HR,A38C56XW404BN6,"Black roller trash cab on the side walk at the end of the driveway with the SUV parked in it, at the house with a silver trucked parked out front. You may have to move the camera to the opposite side of the from the original view.",roller trash cab on the side walk at the end of the driveway with the SUV parked in it,2017-12-07 13:09:03+00,-2.16333426575,347.469950491,1,2,0.277055192921,184.644,3,1,tenMT,0,5,8
164,174,3R16PJFTS2QVZDSCHELENYRLSZ64KU,34MAJL3QP4MSQZIYMAYGVW53SML34K,A2TQ2AZ4Q10SUE,"Black roller trash cab on the side walk at the end of the driveway with the SUV parked in it, at the house with a silver trucked parked out front. You may have to move the camera to the opposite side of the from the original view.",It's the opposite side of the driveway,2017-12-07 13:29:22+00,-22.735661228,275.487861585,1,2,0.988461340168,71.075,4,0,tenMT,1,1,2
165,160,3Q7TKIAPOS9JJFTNVPY852Y6U93LDK,3R9WASFE2ZF398MGRYP8Q179W3LFZ1,A3SBECU4QUY7HF,"Black roller trash cab on the side walk at the end of the driveway with the SUV parked in it, at the house with a silver trucked parked out front. You may have to move the camera to the opposite side of the from the original view.","On a road a silver truck is parked and right in its side of the truck a black trash bin has been put there, which is on the side of the road. You can also see the another vehicle of white color is standing in behind of silver truck in a few distance back.  And Straight from the bin you can see that an SUV is also parked right there in front of white house.",2017-12-07 04:14:43+00,0.0,205.600357193,1,2,1.0,107.219,1,3,tenMT,6,13,18
166,147,3P6ENY9P78VY5UQJWIKL47LC5X2IHC,3A7Y0R2P2ONU9F8X96S88EJQHA2XJN,A2QIZ31TMHU0GD,"Brown tarp wrapped on object near yellow and red umbrella, left on side of street when facing Monster billboard.",the explanation is clearly to get that,2017-12-07 03:55:02+00,-9.09868019225,77.7528029004,0,2,1.0,17.364,0,8,tenMT,0,1,1
167,156,3P6ENY9P78VY5UQJWIKL47LC5X2IHC,3VELCLL3GKI6EC18JNGGY7NXJO7F1B,A3SBECU4QUY7HF,"Brown tarp wrapped on object near yellow and red umbrella, left on side of street when facing Monster billboard.","There is an big object covered with brown color sheet in the left side of the street. In front of it a monster billboard of yellow color can be seen with a huge sign of ""M"" written on it. Few steps ahead there is a X-mas tree with decoration can be seen.",2017-12-07 04:05:54+00,-3.27792321819,342.478911377,0,2,0.229180658387,327.167,8,0,tenMT,7,10,13
168,162,31KSVEGZ33RTVJORH40UJ2WQ7KYWR0,36TFCYNS449YI9D7L6PNW13B4MVHX7,AYD2LKV6C5F2S,"Brown tarp wrapped on object near yellow and red umbrella, left on side of street when facing Monster billboard.",Large object wrapped in a big brown tarp. On the left side of the street in front of the yellow M and M photo in a store.,2017-12-07 12:33:00+00,-10.6903717586,79.6668068463,0,2,1.0,30.916,1,7,tenMT,4,6,10
169,163,31KSVEGZ33RTVJORH40UJ2WQ7KYWR0,345LHZDEDXRR7XCD1GPY803XRZX3UV,A2IQ0QCTQ3KWLT,"Brown tarp wrapped on object near yellow and red umbrella, left on side of street when facing Monster billboard.",A brown plastic tarp near the yellow and red umbrella with a large yellow M&M behind it,2017-12-07 12:34:30+00,-9.98397829864,83.4024578852,0,2,1.0,27.571,0,8,tenMT,4,3,6
170,175,3R16PJFTS2QVZDSCHELENYRLSZ64KU,3WMOAN2SRBWYOGUNOPJID03MANAVN5,A2PZTQJUNCG4WH,"Black roller trash cab on the side walk at the end of the driveway with the SUV parked in it, at the house with a silver trucked parked out front. You may have to move the camera to the opposite side of the from the original view.",Black trash can at the end of the drive way where a black SUV is parked in front of a basketball hoop.,2017-12-07 13:39:09+00,-12.5541817716,226.022436743,1,2,1.0,62.226,1,3,tenMT,1,4,9
171,172,3MDKGGG61PM8HJMDUBSLLNYV7336TN,3COPXFW7XBBKBQCO50I3FGX0U42PK7,AV182SXSO370E,Please turn the street view to the left. You will see the yellow sign right away. ,Yellow sign notifying of animal crossing will be to the left of the screen.You must use street view to the left.,2017-12-07 13:24:38+00,-1.12928480116,63.9690958221,2,2,3.08164878224,98.524,1,4,tenMT,1,2,9
172,173,3MDKGGG61PM8HJMDUBSLLNYV7336TN,3A1COHJ8NJU838CZDYDVG2MIDDYH8B,A2TQ2AZ4Q10SUE,Please turn the street view to the left. You will see the yellow sign right away. ,yellow line the shows the center of the road. ,2017-12-07 13:24:53+00,-24.4079421814,213.510479051,2,2,1.0,198.218,5,0,tenMT,1,1,4
173,155,3P6ENY9P78VY5UQJWIKL47LC5X2IHC,3K4J6M3CXES8M0A3QQFRRTGCOXEAGU,A3LA5P3N3KI8U7,"Brown tarp wrapped on object near yellow and red umbrella, left on side of street when facing Monster billboard.",There is a large yellow M&M directly behind the brown tarp.,2017-12-07 04:05:46+00,-9.92502686599,82.0584227965,0,2,1.0,17.793,0,8,tenMT,3,1,3
174,158,3P6ENY9P78VY5UQJWIKL47LC5X2IHC,33LK57MYLT4CDDR2XIP7X0QOLTFSZX,A2URJ0DDMLYZP2,"Brown tarp wrapped on object near yellow and red umbrella, left on side of street when facing Monster billboard.",Brown tarp covering a cart protecting it from the rain,2017-12-07 04:08:46+00,-11.0224697411,81.1704551715,0,2,1.35153216971,58.814,2,6,tenMT,0,1,4
175,164,31KSVEGZ33RTVJORH40UJ2WQ7KYWR0,31HQ4X3T3S9S8OAYIHYYPLFQ6O4SLJ,A3NUYAG56BPYBB,"Brown tarp wrapped on object near yellow and red umbrella, left on side of street when facing Monster billboard.",Large object wrapped in a brown tarp that is in front of the street vendor on the left side of the street. ,2017-12-07 12:41:15+00,-10.1403366587,80.5317044926,0,2,1.0,39.348,0,8,tenMT,3,5,7
176,169,31KSVEGZ33RTVJORH40UJ2WQ7KYWR0,3EJJQNKU9R4ELDRVC7JV7JHN35FHRG,A1AUVG21LFOJXF,"Brown tarp wrapped on object near yellow and red umbrella, left on side of street when facing Monster billboard.","Brown tarp wrapped on object under yellow and red umbrella, left on side of street when facing Monster billboard.",2017-12-07 12:50:43+00,-11.5715651211,151.319231896,0,2,2.51376695806,68.461,8,0,tenMT,1,4,9
177,170,dummy_hitId,dummy_assignment_id,dummy_workerId,"Brown tarp wrapped on object near yellow and red umbrella, left on side of street when facing Monster billboard.","The brown tarp is next to the hot dog stand, and the man sitting on the crate.",2017-12-07 13:02:46+00,-10.5626886285,80.3003987873,0,2,3.02989058246,40.591,4,4,tenMT,3,1,5
178,179,dummy_hitId,dummy_assignment_id,dummy_workerId,"Brown tarp wrapped on object near yellow and red umbrella, left on side of street when facing Monster billboard.",`1234234234234234242342342,2017-12-10 18:13:31+00,-15.0631009361,328.007431763,0,2,1.0,2.074,0,0,tenMT,0,0,1
179,1,3VP28W7DUMJ0MOON1WK71HCPL36FZ3,3AMW0RGHOD1LJWXR2DAJ78E4OCQNPJ,AWRK8ZD3KKZAW,Find a brown tarp.,Find a brown tarp that is to the right of the image.,2017-12-11 03:13:45+00,-9.64963817504,80.6528397048,0,0,1.0,12.924,0,6,sevenMT,1,2,3
180,2,3G5RUKN2EB2X4PJRVM9LWYJ58R3N92,3R6P78PK7KAD1W9CWQ68MY64C3PTGM,A3U21PUMQ6NGT2,Find the bench.,The bench is on a brick patio in front of the white house with the tan roof that has a white SUV parked in the driveway.,2017-12-11 03:14:34+00,-3.33838269983,318.102834819,1,0,1.72514986504,34.668,0,5,sevenMT,2,5,10
181,3,3VP28W7DUMJ0MOON1WK71HCPL36FZ3,3WQ3B2KGE8FG1VPSELUKFHWC4781B6,A2RWG1BDW949U1,Find a brown tarp.,next to the food kart,2017-12-11 03:14:58+00,-13.666450179,83.2341905867,0,0,1.0,15.369,0,6,sevenMT,1,0,2
182,4,3Q7TKIAPOS9JJFTNVPY852Y6UHILDF,35USIKEBNRFD9QFMNHBA18NNT72N6F,A2RWG1BDW949U1,Find the yellow sign.,on the right side of the road,2017-12-11 03:15:27+00,-4.24940666797,65.80517295,2,0,1.0,9.557,0,8,sevenMT,1,2,2
183,5,3Q7TKIAPOS9JJFTNVPY852Y6UHILDF,3RU7GD8VPOSIZ9PWA9R562OABB0PSZ,A1DY3EW6Q0B5K5,Find the yellow sign.,"The yellow sign is behind you, so turn around. ",2017-12-11 03:15:34+00,7.4575750697,66.1498360773,2,0,1.0,13.107,0,8,sevenMT,1,1,1
184,6,3VP28W7DUMJ0MOON1WK71HCPL36FZ3,3V5Q80FXIXQINL3BIWFS2H858MA230,A1DY3EW6Q0B5K5,Find a brown tarp.,The brown tarp is to your right. ,2017-12-11 03:16:11+00,-1.92576764576,76.3041296698,0,0,0.868120116537,13.464,0,6,sevenMT,1,0,2
185,7,3Q7TKIAPOS9JJFTNVPY852Y6UHILDF,38F71OA9GTV3A1NXC9ZEIZB0HHWFMD,AWRK8ZD3KKZAW,Find the yellow sign.,Find the yellow sign that is located directly behind you on the image.,2017-12-11 03:16:57+00,-2.27856620008,63.4711612332,2,0,1.0,28.651,0,8,sevenMT,1,3,2
186,8,3G5RUKN2EB2X4PJRVM9LWYJ58R3N92,3EG49X351UBILKTQPNYJZAELVMDX6C,A1DY3EW6Q0B5K5,Find the bench.,There is a bench behind you. Turn around and look towards the right. ,2017-12-11 03:17:28+00,-6.25406060952,311.172017094,1,0,2.23078469626,41.141,0,5,sevenMT,0,2,3
187,9,3G5RUKN2EB2X4PJRVM9LWYJ58R3N92,3R9WASFE2ZF398MGRYP8Q179WKDFZR,A2OH4HSBUHQCLS,Find the bench.,The bench is located on the front patio of a single story home (with a white SUV in the driveway).,2017-12-11 03:17:50+00,-4.33718347846,269.262594544,1,0,1.0,7.632,4,1,sevenMT,3,4,6
188,10,3VP28W7DUMJ0MOON1WK71HCPL36FZ3,3PM8NZGV8YFBV2CA4WCH5FVCVMNXQ5,A35K3YVCX1LVPE,Find a brown tarp.,There is a brown tarp on a busy street next to a food stand.,2017-12-11 03:19:35+00,-16.296179614,49.0285779828,0,0,1.0,251.906,6,0,sevenMT,3,1,4
189,11,3G5RUKN2EB2X4PJRVM9LWYJ58R3N92,3VP0C6EFSGV7R8UMBGWAOTYNOIWM6K,A2QRWJO2OTLUG7,Find the bench.,Look for a white house with anSUV parked in the driveway.,2017-12-11 03:21:18+00,-3.00256793514,317.800132137,1,0,1.86313332884,38.383,0,5,sevenMT,1,3,4
190,12,3VP28W7DUMJ0MOON1WK71HCPL36FZ3,3L4PIM1GQTF078HKM7NJTJCQTFORYD,A1D55M2EPFWCET,Find a brown tarp.,Brown tarp is covering an object. It is located on a sidewalk near a red and yellow umbrella.,2017-12-11 03:21:19+00,-10.0138761468,79.5790685831,0,0,1.0,45.253,0,6,sevenMT,2,2,5
191,13,3VP28W7DUMJ0MOON1WK71HCPL36FZ3,3Z3ZLGNNSITZF45WK75TYZ68OST3QK,A2QRWJO2OTLUG7,Find a brown tarp.,Look tdown and right from the yellow M&M guy.,2017-12-11 03:22:59+00,-9.32602510916,81.5727449696,0,0,1.72945350847,13.693,0,0,sevenMT,2,1,5
192,14,3G5RUKN2EB2X4PJRVM9LWYJ58R3N92,3DZQRBDBSLEBSKK9CBUYTZL96GE3S9,A1D55M2EPFWCET,Find the bench.,the bench is located in front of a white house by a white truck.,2017-12-11 03:23:54+00,-0.47469570771,297.776385114,1,0,1.0,104.425,0,5,sevenMT,2,3,4
193,15,3G5RUKN2EB2X4PJRVM9LWYJ58R3N92,3HL8HNGX450O3H43N0V9DD5GHIUF9J,A19UJLX3X4YDI7,Find the bench.,There is no bench in this photo.,2017-12-11 03:24:36+00,-13.3840971585,135.066972337,1,0,1.0,8.33,0,0,sevenMT,0,1,2
194,16,3Q7TKIAPOS9JJFTNVPY852Y6UHILDF,3QEMNNSB2XYNRE2EHX2ZBHBPAFQ7DO,A1D55M2EPFWCET,Find the yellow sign.,the yellow sign is shaped like a diamond on the side of the road.,2017-12-11 03:25:08+00,-2.08225645433,61.858751721,2,0,1.0,31.435,0,8,sevenMT,1,3,4
195,17,3Q7TKIAPOS9JJFTNVPY852Y6UHILDF,36AHBNMV1RB66YYF46SZOUVMEEXYDE,A35K3YVCX1LVPE,Find the yellow sign.,It's a yellow sign with a animal on it. The sign is on the side of a road.,2017-12-11 03:25:26+00,-4.68253281157,100.193336083,2,0,1.0,103.043,8,0,sevenMT,1,4,5
196,18,3Q7TKIAPOS9JJFTNVPY852Y6UHILDF,3LBXNTKX0RU533VONU1VJK5NLNPX9R,A19UJLX3X4YDI7,Find the yellow sign.,Yellow sign is on the right side of the road.,2017-12-11 03:25:32+00,-0.60767988942,62.32925529,2,0,1.0,18.178,0,0,sevenMT,2,2,3
197,19,3VP28W7DUMJ0MOON1WK71HCPL36FZ3,3HL8HNGX450O3H43N0V9DD5GHIT9FC,A3VQFSAH9OW4W7,Find a brown tarp.,"A row of umbrellas line the edge of the street along with chairs and what appears to be vendor booths. Midway down the street, a large brown tarp is visible and appears to be securing property or merchandise while a man sits in a chair with his back to the bungle secured by the brown tarp.",2017-12-11 03:25:56+00,-12.4060650861,81.1235254074,0,0,1.0,31.485,0,0,sevenMT,6,9,16
198,20,3Q7TKIAPOS9JJFTNVPY852Y6UHILDF,30ZX6P7VF8UT8Z50LH7FIOPU4J12JH,AT8WD9ENVE1J6,Find the yellow sign.,A yellow sign with a deer/llama/wild animal on it.,2017-12-11 03:26:50+00,-0.587131950652,67.3101895978,2,0,2.22974447274,42.481,0,0,sevenMT,2,2,2
199,21,3Q7TKIAPOS9JJFTNVPY852Y6UHILDF,3VNL7UK1XFI7NWDHL60Q4D6SBPXFTJ,A2V8LLZRTOP79S,Find the yellow sign.,Using the google map. ,2017-12-11 03:26:53+00,-43.2223336595,69.9485683259,2,0,0.324408636745,54.915,0,0,sevenMT,0,0,2
200,22,31ODACBENTE0C1SIKK1THNJ05R1SQT,3FIJLY1B6U39V4KA4PR6Z35VMNOFPS,A1ZD8RU6YB0VEU,Find the yellow sign.,Its on the right side of the road ,2017-12-11 14:52:22+00,-1.15579773797,62.152722254,2,1,0.337444061889,12.311,2,5,sevenMT,1,2,2
201,23,31ODACBENTE0C1SIKK1THNJ05R1SQT,326O153BMIX80THO45G5HR36W36DEU,A1931U5JHX67RA,Find the yellow sign.,Turn to find the yellow sign.,2017-12-11 14:53:18+00,-0.779263063297,62.0856713639,2,1,1.0,22.629,1,6,sevenMT,1,0,2
202,24,31ODACBENTE0C1SIKK1THNJ05R1SQT,3OHYZ19UGC4WEDR1E9SZW2PEF2FOA7,A394GXC30A1YP6,Find the yellow sign.,Find the yellow street sign.,2017-12-11 14:53:24+00,-1.00016781844,62.288618434,2,1,1.0,13.166,1,6,sevenMT,1,1,2
203,25,3E24UO25QYPS4RH5YU6MRDS881MO6V,33CID57104SOO7PJS2XXHD7EENIL3R,A1ZD8RU6YB0VEU,"A row of umbrellas line the edge of the street along with chairs and what appears to be vendor booths. Midway down the street, a large brown tarp is visible and appears to be securing property or merchandise while a man sits in a chair with his back to the bungle secured by the brown tarp.",Its right next to a food vendor that is wearing a blue shirt it is a brown tarp.,2017-12-11 14:53:32+00,-10.5296016788,80.2651934679,0,1,1.0,17.15,0,6,sevenMT,3,0,5
204,26,3VI0PC2ZAXJ5N611ZHFCRQ5S55LXOY,3WQQ9FUS6ATYCV9DD63ZURJKIFW8BJ,A2S70WW1VAPKK8,The bench is on a brick patio in front of the white house with the tan roof that has a white SUV parked in the driveway.,There is a small American flag mailbox on the pole by the door to the left of the bench.,2017-12-11 14:54:26+00,-3.06717604039,318.574810725,1,1,1.17553513345,39.16,0,5,sevenMT,2,3,6
205,27,3VI0PC2ZAXJ5N611ZHFCRQ5S55LXOY,3TGOYF991XLB6RPWG0LZV9TX4RVUU2,A1ZD8RU6YB0VEU,The bench is on a brick patio in front of the white house with the tan roof that has a white SUV parked in the driveway.,It is a bench by the long driveway it is also under the windows and by the door to the house.,2017-12-11 14:54:34+00,-3.34660775354,318.884708232,1,1,2.10984412343,27.122,0,5,sevenMT,1,3,5
206,28,31ODACBENTE0C1SIKK1THNJ05R1SQT,3SEPORI8WNY8DH58GI3GC0WIZ6IAZV,A1SWTHM03SN731,Find the yellow sign.,Yellow sign is down the road away from any structures. ,2017-12-11 14:54:47+00,-1.73117527197,60.3100450443,2,1,0.0,27.055,3,4,sevenMT,1,2,3
207,29,31ODACBENTE0C1SIKK1THNJ05R1SQT,3NPI0JQDAO4JE92BZ9WVG7KWDWWTPE,A2S70WW1VAPKK8,Find the yellow sign.,There is a picture of a black animal on the yellow sign.,2017-12-11 14:55:00+00,-1.36539678041,63.7505492187,2,1,1.0,7.891,1,6,sevenMT,2,2,3
208,30,3VI0PC2ZAXJ5N611ZHFCRQ5S55LXOY,308Q0PEVB8C8D86TO81UGAI8XBYI9R,ACSS93E03ZUGX,The bench is on a brick patio in front of the white house with the tan roof that has a white SUV parked in the driveway.,The bench is located in front of the white house. There are bricks on the patio. There is a white SUV in the driveway. The house appears to have a second story or attic and a tan roof. There are columns in front of the front door.,2017-12-11 14:55:50+00,-3.59710601965,317.345327375,1,1,1.0,46.613,0,5,sevenMT,6,6,13
209,31,3VI0PC2ZAXJ5N611ZHFCRQ5S55LXOY,3018Q3ZVOIPZBQJH6193QXUJQPZRAJ,APDMDOK5NEBYV,The bench is on a brick patio in front of the white house with the tan roof that has a white SUV parked in the driveway.,"There is a bench in front of the window to the right of the front door of a white house with a tan roof and a short decorative tree to the left of the front door  The house in question is to the right of the white roofed, white house with a red car in the drive.  Both houses are on the left side of the street.",2017-12-11 14:56:06+00,-3.48002793338,317.336334033,1,1,1.0,22.62,0,5,sevenMT,9,12,21
210,32,3E24UO25QYPS4RH5YU6MRDS881MO6V,3G5W44VEU7HEYDJP2HSGL7J8TSIGKR,A1SWTHM03SN731,"A row of umbrellas line the edge of the street along with chairs and what appears to be vendor booths. Midway down the street, a large brown tarp is visible and appears to be securing property or merchandise while a man sits in a chair with his back to the bungle secured by the brown tarp.",Man in blue jacket is sitting next to street on sidewalk in front of food cart. ,2017-12-11 14:56:56+00,-12.334447882,74.2008246924,0,1,2.48960773314,86.201,4,2,sevenMT,2,4,6
211,33,3E24UO25QYPS4RH5YU6MRDS881MO6V,3FTOP5WARFNMCP2M6U31Z0WF7MTJ0S,A1GWRBXJ7HD5K3,"A row of umbrellas line the edge of the street along with chairs and what appears to be vendor booths. Midway down the street, a large brown tarp is visible and appears to be securing property or merchandise while a man sits in a chair with his back to the bungle secured by the brown tarp.","A row of umbrellas line the edge of the street along with chairs and what appears to be vendor booths. Midway down the street, a large brown tarp is visible and appears to be securing property or merchandise while a man sits in a chair with his back to the bungle secured by the brown tarp. On the wall behind the brown tarp there's a picture of a yellow M&M's.",2017-12-11 14:57:21+00,-11.480025053,80.0537936432,0,1,0.652202647781,53.835,0,6,sevenMT,8,12,21
212,34,3E24UO25QYPS4RH5YU6MRDS881MO6V,39PAAFCODMZWJTZ7LL5UMZ9EZKXTVZ,A1BLQCLUALGX78,"A row of umbrellas line the edge of the street along with chairs and what appears to be vendor booths. Midway down the street, a large brown tarp is visible and appears to be securing property or merchandise while a man sits in a chair with his back to the bungle secured by the brown tarp.","A man is sitting on a chair and his back is facing a big brown tarp. There are umbrellas right behind him, and there are other people sitting in chairs next to him. ",2017-12-11 14:58:00+00,-11.0590129927,75.758691564,0,1,1.0,36.912,1,5,sevenMT,3,4,7
213,35,3E24UO25QYPS4RH5YU6MRDS881MO6V,3PJ71Z61R41XD2AVG1GOOB1MG9O91R,APDMDOK5NEBYV,"A row of umbrellas line the edge of the street along with chairs and what appears to be vendor booths. Midway down the street, a large brown tarp is visible and appears to be securing property or merchandise while a man sits in a chair with his back to the bungle secured by the brown tarp.","On the left side of the street to the right of a vendor cart is a man in a blue jacket sitting to the left of an object, perhaps a cart or merchandise, that is wrapped in a brown tarp.",2017-12-11 14:58:05+00,-12.6774733864,78.970276361,0,1,1.58407462288,31.431,1,5,sevenMT,2,6,13
214,36,3E24UO25QYPS4RH5YU6MRDS881MO6V,3XCC1ODXDLARY6QYVX6PGX9OU7LRQQ,A2S70WW1VAPKK8,"A row of umbrellas line the edge of the street along with chairs and what appears to be vendor booths. Midway down the street, a large brown tarp is visible and appears to be securing property or merchandise while a man sits in a chair with his back to the bungle secured by the brown tarp.",There is two umbrellas on the vendor stand. One is blue and yellow and the other in red and yellow. There is blue lettering on the sign. Behind the vendor stand there is a large building with the yellow m&m on the window.,2017-12-11 14:58:30+00,-11.7579964152,68.3234530328,0,1,0.130944523922,122.958,0,0,sevenMT,8,6,10
215,37,3VI0PC2ZAXJ5N611ZHFCRQ5S55LXOY,3PWWM24LHSX4OI9HUDAOTYGGO9L28D,A2UQSO2N2PHI28,The bench is on a brick patio in front of the white house with the tan roof that has a white SUV parked in the driveway.,The house is with the white bench is besides the housed with a red car in the the driveway.,2017-12-11 15:10:55+00,-3.38864307477,318.021345031,1,1,1.0,51.076,0,5,sevenMT,2,4,4
216,38,356TQKY9XEW8NZ8UANMI0524O7687F,3NAPMVF0ZWE0O44YK8IIFYKLDPP725,A1DJBDVXF6Z1KK,Turn to find the yellow sign.,"Find the Sign that is ahead, it is yellow",2017-12-11 17:01:28+00,-1.69252704975,61.0559137815,2,2,0.223194141302,28.598,0,0,sevenMT,1,1,1
217,39,341H3G5YFZD9PK9XYE1MYAPLF270ZC,3KIBXJ1WD5T2QQ0NQ05OQGSAKEKKOT,A1K19WHZZWON8N,The bench is located in front of the white house. There are bricks on the patio. There is a white SUV in the driveway. The house appears to have a second story or attic and a tan roof. There are columns in front of the front door. ,The house is on the opposite side of the road where you will begin. It is a white ranch style home with a tan roof and a bench in front on the driveway side. There is a white SUV in the driveway. There are two white columns on either side on the entryway.,2017-12-11 17:03:55+00,3.61499102069,242.676160074,1,2,1.0,106.606,0,0,sevenMT,6,8,15
218,40,3QGTX7BCHO18KRVYVK7YF5LCWAHZ5V,34Q075JO1XCFH8MIG5XVV00TD5501H,A1FQK51ECARQNK,"A row of umbrellas line the edge of the street along with chairs and what appears to be vendor booths. Midway down the street, a large brown tarp is visible and appears to be securing property or merchandise while a man sits in a chair with his back to the bungle secured by the brown tarp.","A man sitting in a chair on the sidewalk underneath an umbrella colored red and yellow, with his back facing a large brown bundle.",2017-12-11 17:06:10+00,-8.23083170017,62.18016449,0,2,1.0,51.366,0,0,sevenMT,4,4,6
219,41,341H3G5YFZD9PK9XYE1MYAPLF270ZC,33SA9F9TRXT79ZHFL0LV9FSR3JOEWG,AAPRQ5DHT6X2R,The bench is located in front of the white house. There are bricks on the patio. There is a white SUV in the driveway. The house appears to have a second story or attic and a tan roof. There are columns in front of the front door. ,Just rotate the view and you can easily find the object,2017-12-11 17:07:05+00,-3.11540580549,314.906610684,1,2,0.244141312986,66.28,0,0,sevenMT,0,0,2
220,42,356TQKY9XEW8NZ8UANMI0524O7687F,3NQL1CS15R7S0FY1VRSTUG1TEMRYV5,A1IW8P2O4CK670,Turn to find the yellow sign.,Scan to the left to find the yellow sign.,2017-12-11 17:09:16+00,-1.5305524992,62.6755150116,2,2,1.0,29.345,0,0,sevenMT,2,0,2
221,43,356TQKY9XEW8NZ8UANMI0524O7687F,3ZSY5X72NXAODUDIGKELRSEOF6FROU,A375U9FUNWUDMA,Turn to find the yellow sign.,find the yellow sign on side of the road,2017-12-11 17:10:20+00,-4.63562996909,100.139620745,2,2,3.04744895384,124.073,0,0,sevenMT,1,2,3
222,44,3QGTX7BCHO18KRVYVK7YF5LCWAHZ5V,39U1BHVTDLQC7KXO1BZO34HV80GT3E,A1TCRUY62WUUDM,"A row of umbrellas line the edge of the street along with chairs and what appears to be vendor booths. Midway down the street, a large brown tarp is visible and appears to be securing property or merchandise while a man sits in a chair with his back to the bungle secured by the brown tarp.",There is a snack stand with two umbrellas on top with an object with a brown tarp over it to it's right side and a man sitting with his back facing the tarp. This is along the side of the curb in front of the building with all the windows.,2017-12-11 17:12:39+00,-9.39798945752,64.5159574619,0,2,1.0,47.242,0,0,sevenMT,3,11,14
223,45,356TQKY9XEW8NZ8UANMI0524O7687F,3ON104KXQKVPHXKMWU9I0TG0QUVW4T,ALSL7QA4X46HM,Turn to find the yellow sign.,Turn in 360 degrees to find objects,2017-12-11 17:14:24+00,-5.35929298241,156.276483542,2,2,1.0,61.335,0,0,sevenMT,0,1,3
224,46,3QGTX7BCHO18KRVYVK7YF5LCWAHZ5V,3U4J9857OEAUCH4U31BTGRNP7V4B7D,AZ9TM606RHV1T,"A row of umbrellas line the edge of the street along with chairs and what appears to be vendor booths. Midway down the street, a large brown tarp is visible and appears to be securing property or merchandise while a man sits in a chair with his back to the bungle secured by the brown tarp.","Behind the man sitting with a brown tarp behind him, there is a shop front that has an m&m mural in the window.",2017-12-11 17:19:15+00,-12.5092882903,75.9607554661,0,2,2.14247060849,15.753,0,0,sevenMT,1,4,8
225,47,341H3G5YFZD9PK9XYE1MYAPLF270ZC,3H8DHMCCW9ABMT9Y0RR8FMGBG0GKDZ,A9YC3F3MGUABZ,The bench is located in front of the white house. There are bricks on the patio. There is a white SUV in the driveway. The house appears to have a second story or attic and a tan roof. There are columns in front of the front door. ,Please write a description that improves on the above description in the blue box above so that other people can find the object:,2017-12-11 17:20:46+00,-58.8752905654,80.4120055858,1,2,0.793348569574,12.942,0,0,sevenMT,2,4,7
226,48,341H3G5YFZD9PK9XYE1MYAPLF270ZC,39N5ACM9HEM0UUTX13REP7JKJP7P9O,AW5R50DLBDZ5W,The bench is located in front of the white house. There are bricks on the patio. There is a white SUV in the driveway. The house appears to have a second story or attic and a tan roof. There are columns in front of the front door. ,The bench is located to the right of the front door of the white wood house with columns supporting the awning over the entry way.  There is a white SUV in the driveway near the bench and there is a small tree on the opposite side of the entry way.,2017-12-11 17:22:12+00,1.20291008687,311.386267775,1,2,1.0,46.448,0,0,sevenMT,5,8,16
227,49,3E9ZFLPWOXRVRKQY1M277T96TWYIX0,3907X2AHF04PUA8YGUCZFKB6DKF2PT,A3LA5P3N3KI8U7,The bench is located in front of the white house. There are bricks on the patio. There is a white SUV in the driveway. The house appears to have a second story or attic and a tan roof. There are columns in front of the front door. ,There is a small tree in front of the window on your left side.,2017-12-11 21:01:26+00,-3.4885953445,318.124780334,1,2,1.0,20.476,0,0,sevenMT,2,3,4
